Payment Date,Payment Time,Receipt Number,Drawer ID,Menu Code,Menu Name,Quantity,Price per unit,Summary Price,Discount By Item,Discount By Item Percent,Discounted Price,Table,Payment Type,Transaction entry method,Remark,Category,Column28,RevisedTime,Menu.RevisedCost,TotalCost,Gross Margin,Payment Date (Year),Payment Date (Quarter),Payment Date (Month Index),Payment Date (Month),EO month,True_Sale
1/02/2026,0/01/1900 17:14,8R0VI,T8V,F02,Khao Pad Krapow Beef egg : egg x 2,1,180,180,0,0,180,35,KBank-Other,Manual Input,,Food,,1/02/2026,49.91164662,49.91164662,130.0883534,2026,Qtr1,2,Feb,46081,Y
1/02/2026,0/01/1900 17:14,8R0VI,T8V,H01,House BK Gin & Mixer Mix : Tonic x 1,2,180,360,0,0,360,35,KBank-Other,Manual Input,,Highball,,1/02/2026,39.1685,78.337,281.663,2026,Qtr1,2,Feb,46081,Y
1/02/2026,0/01/1900 16:32,AQVPG,T8V,F02,Khao Pad Krapow Beef egg : egg x 2,2,180,360,72,0.2,288,36,Cash,Manual Input,à¹„à¸­à¸‹à¹Œ,Food,,1/02/2026,49.91164662,99.82329323,188.1767068,2026,Qtr1,2,Feb,46081,Y
2/02/2026,0/01/1900 1:39,C5YSO,T8V,M03,Tonic,1,30,30,0,0,30,Staff,staff,Manual Input,,Mixer,,1/02/2026,14.375,14.375,15.625,2026,Qtr1,2,Feb,46081,N
2/02/2026,0/01/1900 1:39,C5YSO,T8V,M05,Purra Water,3,30,90,0,0,90,Staff,staff,Manual Input,,Mixer,,1/02/2026,6.6,19.8,70.2,2026,Qtr1,2,Feb,46081,N
4/02/2026,0/01/1900 21:54,HC83O,59G,F02,Khao Pad Krapow Beef egg : egg x 2,1,180,180,0,0,180,36,KBank-Other,Manual Input,,Food,,4/02/2026,49.91164662,49.91164662,130.0883534,2026,Qtr1,2,Feb,46081,Y
4/02/2026,0/01/1900 21:54,HC83O,59G,F08,SOM TUM PLALA,1,80,80,0,0,80,36,KBank-Other,Manual Input,,Food,,4/02/2026,18.18,18.18,61.82,2026,Qtr1,2,Feb,46081,Y
4/02/2026,0/01/1900 21:54,HC83O,59G,P02,Happy Hour Buy2 Get1 evt Happy hour 2-1 : Sui Gin Tonic  x 1,1,0,0,0,0,0,36,KBank-Other,Manual Input,,Happy Hour,,4/02/2026,0,0,0,2026,Qtr1,2,Feb,46081,Y
4/02/2026,0/01/1900 21:54,HC83O,59G,P02,Happy Hour Buy2 Get1 evt Happy hour 2-1 : Beer x 1,1,0,0,0,0,0,36,KBank-Other,Manual Input,,Happy Hour,,4/02/2026,0,0,0,2026,Qtr1,2,Feb,46081,Y
4/02/2026,0/01/1900 21:54,2JIDH,59G,P02,Happy Hour Buy2 Get1 evt Happy hour 2-1 : Beer x 1,1,0,0,0,0,0,35,KBank-Other,Manual Input,,Happy Hour,,4/02/2026,0,0,0,2026,Qtr1,2,Feb,46081,Y
4/02/2026,0/01/1900 21:54,2JIDH,59G,F02,KHAO PAD KRAPOW BEEF,1,150,150,0,0,150,35,KBank-Other,Manual Input,,Food,,4/02/2026,49.91164662,49.91164662,100.0883534,2026,Qtr1,2,Feb,46081,Y
4/02/2026,0/01/1900 21:54,GLKEF,59G,P02,Happy Hour Buy2 Get1 evt Happy hour 2-1 : Beer x 1,1,0,0,0,0,0,37,KBank-Other,Manual Input,,Happy Hour,,4/02/2026,0,0,0,2026,Qtr1,2,Feb,46081,Y
4/02/2026,0/01/1900 21:54,HC83O,59G,H01,House BK Gin & Mixer Mix : Tonic x 1 Mix : Tonic x 1,2,180,360,0,0,360,36,KBank-Other,Manual Input,,Highball,,4/02/2026,39.1685,78.337,281.663,2026,Qtr1,2,Feb,46081,Y
4/02/2026,0/01/1900 21:54,HC83O,59G,B02,Asahi Beer,2,120,240,0,0,240,36,KBank-Other,Manual Input,,Beer,,4/02/2026,42.41666667,84.83333333,155.1666667,2026,Qtr1,2,Feb,46081,Y
4/02/2026,0/01/1900 21:54,GLKEF,59G,B02,Asahi Beer,2,120,240,0,0,240,37,KBank-Other,Manual Input,,Beer,,4/02/2026,42.41666667,84.83333333,155.1666667,2026,Qtr1,2,Feb,46081,Y
4/02/2026,0/01/1900 21:54,2JIDH,59G,B02,Asahi Beer,3,120,360,0,0,360,35,KBank-Other,Manual Input,,Beer,,4/02/2026,42.41666667,127.25,232.75,2026,Qtr1,2,Feb,46081,Y
4/02/2026,0/01/1900 2:37,KZ89A,JT2,M05,Purra Water,2,30,60,0,0,60,Staff,staff,Manual Input,,Mixer,,3/02/2026,6.6,13.2,46.8,2026,Qtr1,2,Feb,46081,N
4/02/2026,0/01/1900 2:37,4SQAR,JT2,B02,Asahi Beer,1,120,120,60,0.5,60,AomJamies,Bank Transfer,Manual Input,jim,Beer,,3/02/2026,42.41666667,42.41666667,17.58333333,2026,Qtr1,2,Feb,46081,Y
4/02/2026,0/01/1900 2:37,4SQAR,JT2,M05,Purra Water,2,30,60,30,0.5,30,AomJamies,Bank Transfer,Manual Input,jim,Mixer,,3/02/2026,6.6,13.2,16.8,2026,Qtr1,2,Feb,46081,Y
5/02/2026,0/01/1900 3:10,IGU8Y,59G,M09,sprite,1,30,30,0,0,30,Staff,staff,Manual Input,,Mixer,,4/02/2026,12.92833333,12.92833333,17.07166667,2026,Qtr1,2,Feb,46081,N
5/02/2026,0/01/1900 3:10,IGU8Y,59G,M06,Ginger ale,1,30,30,0,0,30,Staff,staff,Manual Input,,Mixer,,4/02/2026,14.375,14.375,15.625,2026,Qtr1,2,Feb,46081,N
5/02/2026,0/01/1900 3:10,IGU8Y,59G,F06,FRIED EGG,1,60,60,0,0,60,Staff,staff,Manual Input,,Food,,4/02/2026,24.79,24.79,35.21,2026,Qtr1,2,Feb,46081,N
5/02/2026,0/01/1900 3:10,IGU8Y,59G,M05,Purra Water,3,30,90,0,0,90,Staff,staff,Manual Input,,Mixer,,4/02/2026,6.6,19.8,70.2,2026,Qtr1,2,Feb,46081,N
6/02/2026,0/01/1900 2:25,LOUJ2,1LV,M05,Purra Water,1,30,30,0,0,30,Staff,staff,Manual Input,,Mixer,,5/02/2026,6.6,6.6,23.4,2026,Qtr1,2,Feb,46081,N
6/02/2026,0/01/1900 0:31,S88ZT,1LV,B02,Asahi Beer,4,120,480,0,0,480,39,Cash,Manual Input,,Beer,,5/02/2026,42.41666667,169.6666667,310.3333333,2026,Qtr1,2,Feb,46081,Y
6/02/2026,0/01/1900 1:48,OIBDI,1LV,H01,House BK Gin & Mixer Mix : Tonic x 1 Mix : Tonic x 1,3,180,540,0,0,540,41,VISA,EDC,,Highball,,5/02/2026,39.1685,117.5055,422.4945,2026,Qtr1,2,Feb,46081,Y
6/02/2026,0/01/1900 2:19,17HS2,1LV,H05,House Whisky & Mixer Mix : Soda x 1 Mix : Soda x 1 Mix : Soda x 1,4,180,720,0,0,720,40,KBank-Other,Manual Input,,Highball,,5/02/2026,56.71785714,226.8714286,493.1285714,2026,Qtr1,2,Feb,46081,Y
6/02/2026,0/01/1900 2:24,MPI9K,1LV,H01,House BK Gin & Mixer Mix : Soda x 1 Mix : Soda x 1 Mix : Soda x 1 Mix : Soda x 1,4,180,720,360,0.5,360,AomJamies,Bank Transfer,Manual Input,jim,Highball,,5/02/2026,39.1685,156.674,203.326,2026,Qtr1,2,Feb,46081,Y
6/02/2026,0/01/1900 2:24,MPI9K,1LV,B02,Asahi Beer,3,120,360,180,0.5,180,AomJamies,Bank Transfer,Manual Input,jim,Beer,,5/02/2026,42.41666667,127.25,52.75,2026,Qtr1,2,Feb,46081,Y
6/02/2026,0/01/1900 2:24,MPI9K,1LV,M05,Purra Water,3,30,90,45,0.5,45,AomJamies,Bank Transfer,Manual Input,jim,Mixer,,5/02/2026,6.6,19.8,25.2,2026,Qtr1,2,Feb,46081,Y
7/02/2026,0/01/1900 0:10,M0NQR,364,M05,Purra Water,1,30,30,0,0,30,sofa flower,KBank-Other,Manual Input,,Mixer,,6/02/2026,6.6,6.6,23.4,2026,Qtr1,2,Feb,46081,Y
7/02/2026,0/01/1900 4:19,KIZY6,364,M05,Purra Water,1,30,30,0,0,30,Staff,staff,Manual Input,,Mixer,,6/02/2026,6.6,6.6,23.4,2026,Qtr1,2,Feb,46081,N
7/02/2026,0/01/1900 4:19,KIZY6,364,M09,sprite,1,30,30,0,0,30,Staff,staff,Manual Input,,Mixer,,6/02/2026,12.92833333,12.92833333,17.07166667,2026,Qtr1,2,Feb,46081,N
7/02/2026,0/01/1900 4:18,LIOW1,364,F10,French Fries,1,120,120,0,0,120,sofa blue,KBank-Other,Manual Input,,Food,,6/02/2026,22.45,22.45,97.55,2026,Qtr1,2,Feb,46081,Y
7/02/2026,0/01/1900 4:18,LIOW1,364,F11,Fried chicken Tendons,1,120,120,0,0,120,sofa blue,KBank-Other,Manual Input,,Food,,6/02/2026,60,60,60,2026,Qtr1,2,Feb,46081,Y
7/02/2026,0/01/1900 4:18,LIOW1,364,H03,House Tequila & Mixer Mix : Soda x 1,1,180,180,0,0,180,sofa blue,KBank-Other,Manual Input,,Highball,,6/02/2026,72.59642857,72.59642857,107.4035714,2026,Qtr1,2,Feb,46081,Y
7/02/2026,0/01/1900 0:10,M0NQR,364,S04,Easy Caprese,1,280,280,0,0,280,sofa flower,KBank-Other,Manual Input,,Signature,,6/02/2026,59.27996264,59.27996264,220.7200374,2026,Qtr1,2,Feb,46081,Y
7/02/2026,0/01/1900 0:10,M0NQR,364,S01,Apple Snapple,1,280,280,0,0,280,sofa flower,KBank-Other,Manual Input,,Signature,,6/02/2026,44.80841349,44.80841349,235.1915865,2026,Qtr1,2,Feb,46081,Y
7/02/2026,0/01/1900 0:10,M0NQR,364,S03,Paprika Papi,1,280,280,0,0,280,sofa flower,KBank-Other,Manual Input,,Signature,,6/02/2026,81.35291005,81.35291005,198.6470899,2026,Qtr1,2,Feb,46081,Y
7/02/2026,0/01/1900 4:18,LIOW1,364,F08,SOM TUM PLALA,1,80,80,0,0,80,sofa blue,KBank-Other,Manual Input,,Food,,6/02/2026,18.18,18.18,61.82,2026,Qtr1,2,Feb,46081,Y
7/02/2026,0/01/1900 4:18,LIOW1,364,W05,Regency B,1,1200,1200,0,0,1200,sofa blue,KBank-Other,Manual Input,,wine & Bottle,,6/02/2026,565,565,635,2026,Qtr1,2,Feb,46081,Y
7/02/2026,0/01/1900 4:19,KIZY6,364,F06,FRIED EGG,1,60,60,0,0,60,Staff,staff,Manual Input,,Food,,6/02/2026,24.79,24.79,35.21,2026,Qtr1,2,Feb,46081,N
7/02/2026,0/01/1900 4:18,LIOW1,364,W04,Regency S,2,800,1600,0,0,1600,sofa blue,KBank-Other,Manual Input,,wine & Bottle,,6/02/2026,375,750,850,2026,Qtr1,2,Feb,46081,Y
7/02/2026,0/01/1900 4:18,LIOW1,364,H04,House MC Vodka & Mixer,2,180,360,0,0,360,sofa blue,KBank-Other,Manual Input,,Highball,,6/02/2026,39.1685,78.337,281.663,2026,Qtr1,2,Feb,46081,Y
7/02/2026,0/01/1900 21:12,BA8NK,NHX,B02,Asahi Beer,2,120,240,0,0,240,36,KBank-Other,Manual Input,,Beer,,7/02/2026,42.41666667,84.83333333,155.1666667,2026,Qtr1,2,Feb,46081,Y
7/02/2026,0/01/1900 21:27,Q8DBU,NHX,B02,Asahi Beer,2,120,240,0,0,240,10,Cash,Manual Input,,Beer,,7/02/2026,42.41666667,84.83333333,155.1666667,2026,Qtr1,2,Feb,46081,Y
7/02/2026,0/01/1900 4:18,LIOW1,364,M02,Ice,3,80,240,0,0,240,sofa blue,KBank-Other,Manual Input,,Mixer,,6/02/2026,14.4,43.2,196.8,2026,Qtr1,2,Feb,46081,Y
7/02/2026,0/01/1900 4:18,LIOW1,364,M04,Soda,17,30,510,0,0,510,sofa blue,KBank-Other,Manual Input,,Mixer,,6/02/2026,8.125,138.125,371.875,2026,Qtr1,2,Feb,46081,Y
7/02/2026,0/01/1900 4:18,LIOW1,364,M08,Coke Zero c,4,30,120,0,0,120,sofa blue,KBank-Other,Manual Input,,Mixer,,6/02/2026,13.41153846,53.64615385,66.35384615,2026,Qtr1,2,Feb,46081,Y
7/02/2026,0/01/1900 4:18,CBC7A,364,H18,Tequila sierra blanco shot,15,150,2250,0,0,2250,Jamie,Entertainment,Manual Input,,Shot,,6/02/2026,38.01428571,570.2142857,1679.785714,2026,Qtr1,2,Feb,46081,N
7/02/2026,0/01/1900 4:18,LIOW1,364,H01,House BK Gin & Mixer Mix : Tonic x 1 Mix : Tonic x 1 Mix : Tonic x 1,3,180,540,0,0,540,sofa blue,KBank-Other,Manual Input,,Highball,,6/02/2026,39.1685,117.5055,422.4945,2026,Qtr1,2,Feb,46081,Y
7/02/2026,0/01/1900 4:18,LIOW1,364,M05,Purra Water,6,30,180,0,0,180,sofa blue,KBank-Other,Manual Input,,Mixer,,6/02/2026,6.6,39.6,140.4,2026,Qtr1,2,Feb,46081,Y
7/02/2026,0/01/1900 4:19,N80GR,364,H04,House MC Vodka & Mixer,7,180,1260,630,0.5,630,AomJamies,Bank Transfer,Manual Input,jim,Highball,,6/02/2026,39.1685,274.1795,355.8205,2026,Qtr1,2,Feb,46081,Y
7/02/2026,0/01/1900 4:19,N80GR,364,M05,Purra Water,2,30,60,30,0.5,30,AomJamies,Bank Transfer,Manual Input,jim,Mixer,,6/02/2026,6.6,13.2,16.8,2026,Qtr1,2,Feb,46081,Y
8/02/2026,0/01/1900 2:33,EOOE8,NHX,M07,coke c,1,30,30,0,0,30,Staff,staff,Manual Input,,Mixer,,7/02/2026,13.41153846,13.41153846,16.58846154,2026,Qtr1,2,Feb,46081,N
8/02/2026,0/01/1900 23:48,LOI5V,H4F,B02,Asahi Beer,1,120,120,0,0,120,sofa flower,Cash,Manual Input,,Beer,,8/02/2026,42.41666667,42.41666667,77.58333333,2026,Qtr1,2,Feb,46081,Y
8/02/2026,0/01/1900 2:33,EOOE8,NHX,F01,Khao Pad Krapow Pork egg : egg x 1,1,135,135,0,0,135,Staff,staff,Manual Input,,Food,,7/02/2026,37.79164662,37.79164662,97.20835338,2026,Qtr1,2,Feb,46081,N
8/02/2026,0/01/1900 2:33,EOOE8,NHX,F06,FRIED EGG,1,60,60,0,0,60,Staff,staff,Manual Input,,Food,,7/02/2026,24.79,24.79,35.21,2026,Qtr1,2,Feb,46081,N
8/02/2026,0/01/1900 0:28,E19R0,NHX,B02,Asahi Beer,6,120,720,0,0,720,10,KBank-Other,Manual Input,,Beer,,7/02/2026,42.41666667,254.5,465.5,2026,Qtr1,2,Feb,46081,Y
8/02/2026,0/01/1900 0:29,8XQ47,NHX,M05,Purra Water,4,30,120,0,0,120,AomJamies,Bank Transfer,Manual Input,,Mixer,,7/02/2026,6.6,26.4,93.6,2026,Qtr1,2,Feb,46081,Y
8/02/2026,0/01/1900 2:33,EOOE8,NHX,M05,Purra Water,3,30,90,0,0,90,Staff,staff,Manual Input,,Mixer,,7/02/2026,6.6,19.8,70.2,2026,Qtr1,2,Feb,46081,N
9/02/2026,0/01/1900 0:26,LWG9G,H4F,F01,Khao Pad Krapow Pork egg : egg x 1,1,135,135,0,0,135,Staff,staff,Manual Input,,Food,,8/02/2026,37.79164662,37.79164662,97.20835338,2026,Qtr1,2,Feb,46081,N
9/02/2026,0/01/1900 0:26,LWG9G,H4F,M05,Purra Water,2,30,60,0,0,60,Staff,staff,Manual Input,,Mixer,,8/02/2026,6.6,13.2,46.8,2026,Qtr1,2,Feb,46081,N
10/02/2026,0/01/1900 20:52,A81UO,DJD,B02,Asahi Beer,1,120,120,0,0,120,5,KBank-Other,Manual Input,,Beer,,10/02/2026,42.41666667,42.41666667,77.58333333,2026,Qtr1,2,Feb,46081,Y
10/02/2026,0/01/1900 22:18,XI5MO,DJD,B02,Asahi Beer,1,120,120,0,0,120,9,KBank-Other,Manual Input,,Beer,,10/02/2026,42.41666667,42.41666667,77.58333333,2026,Qtr1,2,Feb,46081,Y
10/02/2026,0/01/1900 20:52,LECNC,DJD,H01,House BK Gin & Mixer Mix : Tonic x 1,1,180,180,0,0,180,6,KBank-Other,Manual Input,,Highball,,10/02/2026,39.1685,39.1685,140.8315,2026,Qtr1,2,Feb,46081,Y
10/02/2026,0/01/1900 20:52,LECNC,DJD,P02,Happy Hour Buy2 Get1 evt Happy hour 2-1 : Beer x 1,1,0,0,0,0,0,6,KBank-Other,Manual Input,,Happy Hour,,10/02/2026,0,0,0,2026,Qtr1,2,Feb,46081,Y
10/02/2026,0/01/1900 22:18,XI5MO,DJD,H18,Tequila sierra blanco shot,1,150,150,0,0,150,9,KBank-Other,Manual Input,,Shot,,10/02/2026,38.01428571,38.01428571,111.9857143,2026,Qtr1,2,Feb,46081,Y
10/02/2026,0/01/1900 20:52,LECNC,DJD,B02,Asahi Beer,2,120,240,0,0,240,6,KBank-Other,Manual Input,,Beer,,10/02/2026,42.41666667,84.83333333,155.1666667,2026,Qtr1,2,Feb,46081,Y
10/02/2026,0/01/1900 22:18,XI5MO,DJD,H05,House Whisky & Mixer Mix : Soda x 1 Mix : Soda x 1,2,180,360,0,0,360,9,KBank-Other,Manual Input,,Highball,,10/02/2026,56.71785714,113.4357143,246.5642857,2026,Qtr1,2,Feb,46081,Y
10/02/2026,0/01/1900 22:13,JMOUE,DJD,B02,Asahi Beer,1,120,120,24,0.2,96,Sabina,KBank-Other,Manual Input,sabina,Beer,,10/02/2026,42.41666667,42.41666667,53.58333333,2026,Qtr1,2,Feb,46081,Y
10/02/2026,0/01/1900 22:13,JMOUE,DJD,M05,Purra Water,1,30,30,6,0.2,24,Sabina,KBank-Other,Manual Input,sabina,Mixer,,10/02/2026,6.6,6.6,17.4,2026,Qtr1,2,Feb,46081,Y
10/02/2026,0/01/1900 22:24,E4TGF,DJD,F01,Khao Pad Krapow Pork à¸žà¸´à¹€à¸¨à¸© : à¸žà¸´à¹€à¸¨à¸© x 1,1,150,150,0,0,0,AomJamies,Bank Transfer,Manual Input,jimVoid*jim à¹à¸à¹‰à¹„à¸‚à¸šà¸´à¸¥owner user,Food,,10/02/2026,37.79164662,37.79164662,-37.79164662,2026,Qtr1,2,Feb,46081,Y
10/02/2026,0/01/1900 22:24,E4TGF,DJD,J04,GREEN APPLE,1,120,120,0,0,0,AomJamies,Bank Transfer,Manual Input,jimVoid*jim à¹à¸à¹‰à¹„à¸‚à¸šà¸´à¸¥owner user,Juice,,10/02/2026,60,60,-60,2026,Qtr1,2,Feb,46081,Y
10/02/2026,0/01/1900 22:24,E4TGF,DJD,F10,French Fries,1,120,120,0,0,0,AomJamies,Bank Transfer,Manual Input,jimVoid*jim à¹à¸à¹‰à¹„à¸‚à¸šà¸´à¸¥owner user,Food,,10/02/2026,22.45,22.45,-22.45,2026,Qtr1,2,Feb,46081,Y
10/02/2026,0/01/1900 22:24,E4TGF,DJD,J03,JUNGLE JUICE,1,120,120,0,0,0,AomJamies,Bank Transfer,Manual Input,jimVoid*jim à¹à¸à¹‰à¹„à¸‚à¸šà¸´à¸¥owner user,Juice,,10/02/2026,60,60,-60,2026,Qtr1,2,Feb,46081,Y
10/02/2026,0/01/1900 22:24,E4TGF,DJD,M05,Purra Water,1,30,30,0,0,0,AomJamies,Bank Transfer,Manual Input,jimVoid*jim à¹à¸à¹‰à¹„à¸‚à¸šà¸´à¸¥owner user,Mixer,,10/02/2026,6.6,6.6,-6.6,2026,Qtr1,2,Feb,46081,Y
10/02/2026,0/01/1900 22:24,E4TGF,DJD,P02,Happy Hour Buy2 Get1 evt Happy hour 2-1 : Beer x 1,1,0,0,0,0,0,AomJamies,Bank Transfer,Manual Input,jimVoid*jim à¹à¸à¹‰à¹„à¸‚à¸šà¸´à¸¥owner user,Happy Hour,,10/02/2026,0,0,0,2026,Qtr1,2,Feb,46081,Y
10/02/2026,0/01/1900 22:24,E4TGF,DJD,P02,Happy Hour Buy2 Get1 evt,1,0,0,0,0,0,AomJamies,Bank Transfer,Manual Input,jimVoid*jim à¹à¸à¹‰à¹„à¸‚à¸šà¸´à¸¥owner user,Happy Hour,,10/02/2026,0,0,0,2026,Qtr1,2,Feb,46081,Y
10/02/2026,0/01/1900 22:24,E4TGF,DJD,F09,Fried chicken wings,2,150,300,0,0,0,AomJamies,Bank Transfer,Manual Input,jimVoid*jim à¹à¸à¹‰à¹„à¸‚à¸šà¸´à¸¥owner user,Food,,10/02/2026,70,140,-140,2026,Qtr1,2,Feb,46081,Y
10/02/2026,0/01/1900 22:24,E4TGF,DJD,B02,Asahi Beer,2,120,240,0,0,0,AomJamies,Bank Transfer,Manual Input,jimVoid*jim à¹à¸à¹‰à¹„à¸‚à¸šà¸´à¸¥owner user,Beer,,10/02/2026,42.41666667,84.83333333,-84.83333333,2026,Qtr1,2,Feb,46081,Y
10/02/2026,0/01/1900 22:24,E4TGF,DJD,H04,House MC Vodka & Mixer,3,180,540,0,0,0,AomJamies,Bank Transfer,Manual Input,jimVoid*jim à¹à¸à¹‰à¹„à¸‚à¸šà¸´à¸¥owner user,Highball,,10/02/2026,39.1685,117.5055,-117.5055,2026,Qtr1,2,Feb,46081,Y
11/02/2026,0/01/1900 4:56,JMMXE,DJD,M08,Coke Zero c,1,30,30,0,0,30,9,KBank-Other,Manual Input,,Mixer,,10/02/2026,13.41153846,13.41153846,16.58846154,2026,Qtr1,2,Feb,46081,Y
11/02/2026,0/01/1900 4:56,B2LCF,DJD,M07,coke c,1,30,30,0,0,30,Staff,staff,Manual Input,,Mixer,,10/02/2026,13.41153846,13.41153846,16.58846154,2026,Qtr1,2,Feb,46081,N
11/02/2026,0/01/1900 1:48,1PNRL,DJD,F10,French Fries,1,120,120,0,0,120,Moss,Tasting,Manual Input,,Food,,10/02/2026,22.45,22.45,97.55,2026,Qtr1,2,Feb,46081,Y
11/02/2026,0/01/1900 2:55,VOON2,DJD,H04,House MC Vodka & Mixer Mix : Coke x 1,1,180,180,0,0,180,10,KBank-Other,Manual Input,,Highball,,10/02/2026,39.1685,39.1685,140.8315,2026,Qtr1,2,Feb,46081,Y
11/02/2026,0/01/1900 0:02,1M62K,DJD,S01,Apple Snapple,1,280,280,0,0,280,bus,Cash,Manual Input,,Signature,,10/02/2026,44.80841349,44.80841349,235.1915865,2026,Qtr1,2,Feb,46081,Y
11/02/2026,0/01/1900 4:56,JMMXE,DJD,S02,Grape Escape,1,280,280,0,0,280,9,KBank-Other,Manual Input,,Signature,,10/02/2026,60.40108225,60.40108225,219.5989177,2026,Qtr1,2,Feb,46081,Y
11/02/2026,0/01/1900 4:56,JMMXE,DJD,M02,Ice,1,80,80,0,0,80,9,KBank-Other,Manual Input,,Mixer,,10/02/2026,14.4,14.4,65.6,2026,Qtr1,2,Feb,46081,Y
11/02/2026,0/01/1900 4:56,JMMXE,DJD,W05,Regency B,1,1200,1200,0,0,1200,9,KBank-Other,Manual Input,,wine & Bottle,,10/02/2026,565,565,635,2026,Qtr1,2,Feb,46081,Y
11/02/2026,0/01/1900 4:56,B2LCF,DJD,F06,FRIED EGG,1,60,60,0,0,60,Staff,staff,Manual Input,,Food,,10/02/2026,24.79,24.79,35.21,2026,Qtr1,2,Feb,46081,N
11/02/2026,0/01/1900 1:48,1PNRL,DJD,F09,Fried chicken wings,2,150,300,0,0,300,Moss,Tasting,Manual Input,,Food,,10/02/2026,70,140,160,2026,Qtr1,2,Feb,46081,Y
11/02/2026,0/01/1900 2:33,FX2X2,DJD,H03,House Tequila & Mixer Mix : Tonic x 1 Mix : Tonic x 1,2,180,360,0,0,360,5,KBank-Other,Manual Input,,Highball,,10/02/2026,72.59642857,145.1928571,214.8071429,2026,Qtr1,2,Feb,46081,Y
11/02/2026,0/01/1900 2:55,VOON2,DJD,H04,House MC Vodka & Mixer Mix : Coke Zero x 1 Mix : Coke Zero x 1,2,180,360,0,0,360,10,KBank-Other,Manual Input,,Highball,,10/02/2026,39.1685,78.337,281.663,2026,Qtr1,2,Feb,46081,Y
11/02/2026,0/01/1900 4:56,JMMXE,DJD,B02,Asahi Beer,2,120,240,0,0,240,9,KBank-Other,Manual Input,,Beer,,10/02/2026,42.41666667,84.83333333,155.1666667,2026,Qtr1,2,Feb,46081,Y
11/02/2026,0/01/1900 4:30,947W7,DJD,B02,Asahi Beer,4,120,480,0,0,480,4,KBank-Other,Manual Input,,Beer,,10/02/2026,42.41666667,169.6666667,310.3333333,2026,Qtr1,2,Feb,46081,Y
11/02/2026,0/01/1900 4:56,JMMXE,DJD,C16,Long Island Iced Tea,3,250,750,0,0,750,9,KBank-Other,Manual Input,,Classic&Twist,,10/02/2026,125,375,375,2026,Qtr1,2,Feb,46081,Y
11/02/2026,0/01/1900 4:56,JMMXE,DJD,M07,coke c,3,30,90,0,0,90,9,KBank-Other,Manual Input,,Mixer,,10/02/2026,13.41153846,40.23461538,49.76538462,2026,Qtr1,2,Feb,46081,Y
11/02/2026,0/01/1900 4:56,JMMXE,DJD,M04,Soda,3,30,90,0,0,90,9,KBank-Other,Manual Input,,Mixer,,10/02/2026,8.125,24.375,65.625,2026,Qtr1,2,Feb,46081,Y
11/02/2026,0/01/1900 2:55,VOON2,DJD,H04,House MC Vodka & Mixer Mix : Soda x 1 Mix : Soda x 1 Mix : Soda x 1,3,180,540,0,0,540,10,KBank-Other,Manual Input,,Highball,,10/02/2026,39.1685,117.5055,422.4945,2026,Qtr1,2,Feb,46081,Y
11/02/2026,0/01/1900 4:30,S7YNX,DJD,H04,House MC Vodka & Mixer Mix : Coke Zero x 1 Mix : Coke Zero x 1 Mix : Coke Zero x 1 Mix : Coke Zero x 1,4,180,720,0,0,720,10,KBank-Other,Manual Input,,Highball,,10/02/2026,39.1685,156.674,563.326,2026,Qtr1,2,Feb,46081,Y
11/02/2026,0/01/1900 4:56,JMMXE,DJD,M05,Purra Water,4,30,120,0,0,120,9,KBank-Other,Manual Input,,Mixer,,10/02/2026,6.6,26.4,93.6,2026,Qtr1,2,Feb,46081,Y
11/02/2026,0/01/1900 4:56,B2LCF,DJD,M05,Purra Water,2,30,60,0,0,60,Staff,staff,Manual Input,,Mixer,,10/02/2026,6.6,13.2,46.8,2026,Qtr1,2,Feb,46081,N
11/02/2026,0/01/1900 4:30,Z44XS,DJD,H18,Tequila sierra blanco shot,2,150,300,60,0.2,240,Sabina,KBank-Other,Manual Input,sabina,Shot,,10/02/2026,38.01428571,76.02857143,163.9714286,2026,Qtr1,2,Feb,46081,Y
11/02/2026,0/01/1900 4:30,Z44XS,DJD,S02,Grape Escape,2,280,560,112,0.2,448,Sabina,KBank-Other,Manual Input,sabina,Signature,,10/02/2026,60.40108225,120.8021645,327.1978355,2026,Qtr1,2,Feb,46081,Y
11/02/2026,0/01/1900 4:30,Z44XS,DJD,B02,Asahi Beer,5,120,600,120,0.2,480,Sabina,KBank-Other,Manual Input,sabina,Beer,,10/02/2026,42.41666667,212.0833333,267.9166667,2026,Qtr1,2,Feb,46081,Y
11/02/2026,0/01/1900 4:30,Z44XS,DJD,M05,Purra Water,1,30,30,6,0.2,24,Sabina,KBank-Other,Manual Input,sabina,Mixer,,10/02/2026,6.6,6.6,17.4,2026,Qtr1,2,Feb,46081,Y
11/02/2026,0/01/1900 4:56,P0HP0,DJD,P02,Happy Hour Buy2 Get1 evt,1,0,0,0,0,0,AomJamies,Bank Transfer,Manual Input,jimmyoam,Happy Hour,,10/02/2026,0,0,0,2026,Qtr1,2,Feb,46081,Y
11/02/2026,0/01/1900 4:56,P0HP0,DJD,P02,Happy Hour Buy2 Get1 evt Happy hour 2-1 : Beer x 1,1,0,0,0,0,0,AomJamies,Bank Transfer,Manual Input,jimmyoam,Happy Hour,,10/02/2026,0,0,0,2026,Qtr1,2,Feb,46081,Y
11/02/2026,0/01/1900 4:56,P0HP0,DJD,J03,JUNGLE JUICE,1,120,120,60,0.5,60,AomJamies,Bank Transfer,Manual Input,jimmyoam,Juice,,10/02/2026,60,60,0,2026,Qtr1,2,Feb,46081,Y
11/02/2026,0/01/1900 4:56,P0HP0,DJD,J04,GREEN APPLE,1,120,120,60,0.5,60,AomJamies,Bank Transfer,Manual Input,jimmyoam,Juice,,10/02/2026,60,60,0,2026,Qtr1,2,Feb,46081,Y
11/02/2026,0/01/1900 4:56,P0HP0,DJD,F01,Khao Pad Krapow Pork à¸žà¸´à¹€à¸¨à¸© : à¸žà¸´à¹€à¸¨à¸© x 1,1,150,150,75,0.5,75,AomJamies,Bank Transfer,Manual Input,jimmyoam,Food,,10/02/2026,37.79164662,37.79164662,37.20835338,2026,Qtr1,2,Feb,46081,Y
11/02/2026,0/01/1900 4:56,P0HP0,DJD,M05,Purra Water,4,30,120,60,0.5,60,AomJamies,Bank Transfer,Manual Input,jimmyoam,Mixer,,10/02/2026,6.6,26.4,33.6,2026,Qtr1,2,Feb,46081,Y
11/02/2026,0/01/1900 4:56,P0HP0,DJD,H05,House Whisky & Mixer Mix : Soda x 1 Mix : Soda x 1 Mix : Soda x 1,3,180,540,270,0.5,270,AomJamies,Bank Transfer,Manual Input,jimmyoam,Highball,,10/02/2026,56.71785714,170.1535714,99.84642857,2026,Qtr1,2,Feb,46081,Y
11/02/2026,0/01/1900 4:56,P0HP0,DJD,B02,Asahi Beer,3,120,360,180,0.5,180,AomJamies,Bank Transfer,Manual Input,jimmyoam,Beer,,10/02/2026,42.41666667,127.25,52.75,2026,Qtr1,2,Feb,46081,Y
11/02/2026,0/01/1900 4:56,P0HP0,DJD,H01,House BK Gin & Mixer Mix : Soda x 1 Mix : Soda x 1 Mix : Soda x 1,3,180,540,270,0.5,270,AomJamies,Bank Transfer,Manual Input,jimmyoam,Highball,,10/02/2026,39.1685,117.5055,152.4945,2026,Qtr1,2,Feb,46081,Y
11/02/2026,0/01/1900 4:56,P0HP0,DJD,H04,House MC Vodka & Mixer,4,180,720,360,0.5,360,AomJamies,Bank Transfer,Manual Input,jimmyoam,Highball,,10/02/2026,39.1685,156.674,203.326,2026,Qtr1,2,Feb,46081,Y
12/02/2026,0/01/1900 1:43,KDGF3,3GT,M05,Purra Water,1,30,30,0,0,30,Staff,staff,Manual Input,,Mixer,,11/02/2026,6.6,6.6,23.4,2026,Qtr1,2,Feb,46081,N
12/02/2026,0/01/1900 1:43,KDGF3,3GT,M09,sprite,1,30,30,0,0,30,Staff,staff,Manual Input,,Mixer,,11/02/2026,12.92833333,12.92833333,17.07166667,2026,Qtr1,2,Feb,46081,N
12/02/2026,0/01/1900 1:43,KDGF3,3GT,F06,FRIED EGG,1,60,60,0,0,60,Staff,staff,Manual Input,,Food,,11/02/2026,24.79,24.79,35.21,2026,Qtr1,2,Feb,46081,N
13/02/2026,0/01/1900 23:54,HMUSX,VV7,H01,House Gin & Mixer Mix : Tonic x 1,1,180,180,0,0,180,48,Cash,Manual Input,,Highball,,13/02/2026,39.1685,39.1685,140.8315,2026,Qtr1,2,Feb,46081,Y
13/02/2026,0/01/1900 23:52,SZTK0,VV7,H05,House Whisky & Mixer Mix : Coke x 1,1,180,180,0,0,180,sofa orange,KBank-Other,Manual Input,,Highball,,13/02/2026,56.71785714,56.71785714,123.2821429,2026,Qtr1,2,Feb,46081,Y
13/02/2026,0/01/1900 23:52,SZTK0,VV7,C02,Super Gin Fizz,1,250,250,0,0,250,sofa orange,KBank-Other,Manual Input,,Classic&Twist,,13/02/2026,83.45714286,83.45714286,166.5428571,2026,Qtr1,2,Feb,46081,Y
13/02/2026,0/01/1900 23:52,SZTK0,VV7,C12,Lychee Martini,1,250,250,0,0,250,sofa orange,KBank-Other,Manual Input,,Classic&Twist,,13/02/2026,125,125,125,2026,Qtr1,2,Feb,46081,Y
13/02/2026,0/01/1900 23:52,SZTK0,VV7,S01,Apple Snapple,1,280,280,0,0,280,sofa orange,KBank-Other,Manual Input,,Signature,,13/02/2026,44.80841349,44.80841349,235.1915865,2026,Qtr1,2,Feb,46081,Y
13/02/2026,0/01/1900 1:41,HGD11,L1M,F01,Khao Pad Krapow Pork egg : egg x 1,1,135,135,0,0,135,Staff,staff,Manual Input,,Food,,12/02/2026,37.79164662,37.79164662,97.20835338,2026,Qtr1,2,Feb,46081,N
13/02/2026,0/01/1900 1:41,HGD11,L1M,M05,Purra Water,2,30,60,0,0,60,Staff,staff,Manual Input,,Mixer,,12/02/2026,6.6,13.2,46.8,2026,Qtr1,2,Feb,46081,N
14/02/2026,0/01/1900 2:37,FOL9V,VV7,M06,Ginger ale,1,30,30,0,0,30,Staff,staff,Manual Input,,Mixer,,13/02/2026,14.375,14.375,15.625,2026,Qtr1,2,Feb,46081,N
14/02/2026,0/01/1900 20:13,IJVI1,9PL,B01,singha Beer,1,120,120,0,0,120,9,QRCode,EDC,,Beer,,14/02/2026,36.875,36.875,83.125,2026,Qtr1,2,Feb,46081,Y
14/02/2026,0/01/1900 22:48,ZOSHT,9PL,B02,Asahi Beer,1,120,120,0,0,120,10,QRCode,EDC,,Beer,,14/02/2026,42.41666667,42.41666667,77.58333333,2026,Qtr1,2,Feb,46081,Y
14/02/2026,0/01/1900 23:35,JHS1S,9PL,B02,Asahi Beer,1,120,120,0,0,120,2,QRCode,EDC,,Beer,,14/02/2026,42.41666667,42.41666667,77.58333333,2026,Qtr1,2,Feb,46081,Y
14/02/2026,0/01/1900 23:29,PVIER,9PL,H01,House Gin & Mixer Mix : Tonic x 1,1,180,180,0,0,180,2,VISA,EDC,,Highball,,14/02/2026,39.1685,39.1685,140.8315,2026,Qtr1,2,Feb,46081,Y
14/02/2026,0/01/1900 23:34,XXUVZ,9PL,H01,House Gin & Mixer Mix : Tonic x 1,1,180,180,0,0,180,1,QRCode,EDC,,Highball,,14/02/2026,39.1685,39.1685,140.8315,2026,Qtr1,2,Feb,46081,Y
14/02/2026,0/01/1900 23:41,X3E39,9PL,H05,House Whisky & Mixer Mix : Soda x 1,1,180,180,0,0,180,3,QRCode,EDC,,Highball,,14/02/2026,56.71785714,56.71785714,123.2821429,2026,Qtr1,2,Feb,46081,Y
14/02/2026,0/01/1900 23:23,O684C,9PL,C16,Long Island Iced Tea,1,250,250,0,0,250,7,QRCode,EDC,,Classic&Twist,,14/02/2026,125,125,125,2026,Qtr1,2,Feb,46081,Y
14/02/2026,0/01/1900 22:48,ZOSHT,9PL,S02,Grape Escape,1,280,280,0,0,280,10,QRCode,EDC,,Signature,,14/02/2026,60.40108225,60.40108225,219.5989177,2026,Qtr1,2,Feb,46081,Y
14/02/2026,0/01/1900 2:37,FOL9V,VV7,F01,Khao Pad Krapow Pork egg : egg x 1,1,135,135,0,0,135,Staff,staff,Manual Input,,Food,,13/02/2026,37.79164662,37.79164662,97.20835338,2026,Qtr1,2,Feb,46081,N
14/02/2026,0/01/1900 2:37,FOL9V,VV7,F02,Khao Pad Krapow Beef egg : egg x 1,1,165,165,0,0,165,Staff,staff,Manual Input,,Food,,13/02/2026,49.91164662,49.91164662,115.0883534,2026,Qtr1,2,Feb,46081,N
14/02/2026,0/01/1900 22:48,ZOSHT,9PL,H20,Parton shot,1,210,210,0,0,210,10,QRCode,EDC,,,,14/02/2026,97.8,97.8,112.2,2026,Qtr1,2,Feb,46081,Y
14/02/2026,0/01/1900 23:04,YUE9F,9PL,H20,Parton shot,1,210,210,0,0,210,2,Master Card,EDC,,,,14/02/2026,97.8,97.8,112.2,2026,Qtr1,2,Feb,46081,Y
14/02/2026,0/01/1900 23:39,1I86R,9PL,H30,Premium Gin & Mixer Mix : Soda x 1,1,220,220,0,0,220,10,VISA,EDC,,Highball,,14/02/2026,61.79642857,61.79642857,158.2035714,2026,Qtr1,2,Feb,46081,Y
14/02/2026,0/01/1900 23:41,X3E39,9PL,H30,Premium Gin & Mixer Mix : Tonic x 1,1,220,220,0,0,220,3,QRCode,EDC,,Highball,,14/02/2026,61.79642857,61.79642857,158.2035714,2026,Qtr1,2,Feb,46081,Y
14/02/2026,0/01/1900 22:42,M2Z06,9PL,H20,Patron Silver Shot,2,210,420,0,0,420,bus,QRCode,EDC,,Shot,,14/02/2026,97.8,195.6,224.4,2026,Qtr1,2,Feb,46081,Y
14/02/2026,0/01/1900 23:10,VE2VB,9PL,H01,House Gin & Mixer Mix : Tonic x 1,2,180,360,0,0,360,4,VISA,EDC,,Highball,,14/02/2026,39.1685,78.337,281.663,2026,Qtr1,2,Feb,46081,Y
14/02/2026,0/01/1900 23:04,YUE9F,9PL,H01,House Gin & Mixer Mix : Tonic x 1 Mix : Tonic x 1 Mix : Tonic x 1,3,180,540,0,0,540,2,Master Card,EDC,,Highball,,14/02/2026,39.1685,117.5055,422.4945,2026,Qtr1,2,Feb,46081,Y
14/02/2026,0/01/1900 23:36,QY6LQ,9PL,H01,House Gin & Mixer Mix : Tonic x 1,3,180,540,0,0,540,2,VISA,EDC,,Highball,,14/02/2026,39.1685,117.5055,422.4945,2026,Qtr1,2,Feb,46081,Y
14/02/2026,0/01/1900 2:37,FOL9V,VV7,M05,Purra Water,3,30,90,0,0,90,Staff,staff,Manual Input,,Mixer,,13/02/2026,6.6,19.8,70.2,2026,Qtr1,2,Feb,46081,N
14/02/2026,0/01/1900 2:36,O67PL,VV7,F01,KHAO PAD KRAPOW PORK,1,120,120,60,0.5,60,AomJamies,Bank Transfer,Manual Input,jim,Food,,13/02/2026,37.79164662,37.79164662,22.20835338,2026,Qtr1,2,Feb,46081,Y
14/02/2026,0/01/1900 2:36,O67PL,VV7,F10,French Fries,1,120,120,60,0.5,60,AomJamies,Bank Transfer,Manual Input,jim,Food,,13/02/2026,22.45,22.45,37.55,2026,Qtr1,2,Feb,46081,Y
14/02/2026,0/01/1900 2:36,O67PL,VV7,M05,Purra Water,1,30,30,15,0.5,15,AomJamies,Bank Transfer,Manual Input,jim,Mixer,,13/02/2026,6.6,6.6,8.4,2026,Qtr1,2,Feb,46081,Y
14/02/2026,0/01/1900 2:36,O67PL,VV7,H04,House Vodka & Mixer,2,180,360,180,0.5,180,AomJamies,Bank Transfer,Manual Input,jim,Highball,,13/02/2026,39.1685,78.337,101.663,2026,Qtr1,2,Feb,46081,Y
15/02/2026,0/01/1900 3:43,VFR4Y,9PL,M05,Purra Water,1,30,30,0,0,30,1,Cash,Manual Input,,Mixer,,14/02/2026,6.6,6.6,23.4,2026,Qtr1,2,Feb,46081,Y
15/02/2026,0/01/1900 0:09,28LRT,9PL,M07,coke c,1,30,30,0,0,30,Dj,Entertainment,Manual Input,,Mixer,,14/02/2026,13.41153846,13.41153846,16.58846154,2026,Qtr1,2,Feb,46081,N
15/02/2026,0/01/1900 1:13,BEQ8T,9PL,B01,singha Beer,1,120,120,0,0,120,sofa flower,Master Card,EDC,,Beer,,14/02/2026,36.875,36.875,83.125,2026,Qtr1,2,Feb,46081,Y
15/02/2026,0/01/1900 1:35,LQH9F,9PL,F10,French Fries,1,120,120,0,0,120,1,VISA,EDC,,Food,,14/02/2026,22.45,22.45,97.55,2026,Qtr1,2,Feb,46081,Y
15/02/2026,0/01/1900 3:21,E2M0A,9PL,F10,French Fries,1,120,120,0,0,120,6,KBank-Other,Manual Input,,Food,,14/02/2026,22.45,22.45,97.55,2026,Qtr1,2,Feb,46081,Y
15/02/2026,0/01/1900 3:21,E2M0A,9PL,F11,Fried chicken Tendons,1,120,120,0,0,120,6,KBank-Other,Manual Input,,Food,,14/02/2026,60,60,60,2026,Qtr1,2,Feb,46081,Y
15/02/2026,0/01/1900 1:43,UDII8,9PL,B02,Asahi Beer,1,120,120,0,0,120,35,KBank-Other,Manual Input,,Beer,,14/02/2026,42.41666667,42.41666667,77.58333333,2026,Qtr1,2,Feb,46081,Y
15/02/2026,0/01/1900 3:20,4GGQE,9PL,B02,Asahi Beer,1,120,120,0,0,120,9,KBank-Other,Manual Input,,Beer,,14/02/2026,42.41666667,42.41666667,77.58333333,2026,Qtr1,2,Feb,46081,Y
15/02/2026,0/01/1900 3:24,GAFJ9,9PL,B02,Asahi Beer,1,120,120,0,0,120,Jamie,Entertainment,Manual Input,,Beer,,14/02/2026,42.41666667,42.41666667,77.58333333,2026,Qtr1,2,Feb,46081,N
15/02/2026,0/01/1900 3:43,O0DZR,9PL,B02,Asahi Beer,1,120,120,0,0,120,7,QRCode,EDC,,Beer,,14/02/2026,42.41666667,42.41666667,77.58333333,2026,Qtr1,2,Feb,46081,Y
15/02/2026,0/01/1900 3:43,VFR4Y,9PL,B02,Asahi Beer,1,120,120,0,0,120,1,Cash,Manual Input,,Beer,,14/02/2026,42.41666667,42.41666667,77.58333333,2026,Qtr1,2,Feb,46081,Y
15/02/2026,0/01/1900 0:09,JB79M,9PL,H01,House Gin & Mixer Mix : Tonic x 1,1,180,180,0,0,180,6,Entertainment,Manual Input,,Highball,,14/02/2026,39.1685,39.1685,140.8315,2026,Qtr1,2,Feb,46081,N
15/02/2026,0/01/1900 1:11,IK1MT,9PL,H01,House Gin & Mixer Mix : Tonic x 1,1,180,180,0,0,180,10,Master Card,EDC,,Highball,,14/02/2026,39.1685,39.1685,140.8315,2026,Qtr1,2,Feb,46081,Y
15/02/2026,0/01/1900 1:13,BEQ8T,9PL,H01,House Gin & Mixer Mix : Tonic x 1,1,180,180,0,0,180,sofa flower,Master Card,EDC,,Highball,,14/02/2026,39.1685,39.1685,140.8315,2026,Qtr1,2,Feb,46081,Y
15/02/2026,0/01/1900 4:02,HE7LU,9PL,H01,House Gin & Mixer Mix : Tonic x 1,1,180,180,0,0,180,64,Cash,Manual Input,,Highball,,14/02/2026,39.1685,39.1685,140.8315,2026,Qtr1,2,Feb,46081,Y
15/02/2026,0/01/1900 4:06,439RT,9PL,H05,House Whisky & Mixer,1,180,180,0,0,180,Staff,staff,Manual Input,,Highball,,14/02/2026,56.71785714,56.71785714,123.2821429,2026,Qtr1,2,Feb,46081,N
15/02/2026,0/01/1900 0:17,SZWGO,9PL,C16,Long Island Iced Tea,1,250,250,0,0,250,6,QRCode,EDC,,Classic&Twist,,14/02/2026,125,125,125,2026,Qtr1,2,Feb,46081,Y
15/02/2026,0/01/1900 0:30,XY4U3,9PL,C15,Margarita,1,250,250,0,0,250,7,Master Card,EDC,,Classic&Twist,,14/02/2026,125,125,125,2026,Qtr1,2,Feb,46081,Y
15/02/2026,0/01/1900 0:56,XVEMG,9PL,C16,Long Island Iced Tea,1,250,250,0,0,250,2,QRCode,EDC,,Classic&Twist,,14/02/2026,125,125,125,2026,Qtr1,2,Feb,46081,Y
15/02/2026,0/01/1900 0:57,MEJIC,9PL,C01,Whisky Sour Coco,1,250,250,0,0,250,sofa blue,Cash,Manual Input,,Classic&Twist,,14/02/2026,92.29214286,92.29214286,157.7078571,2026,Qtr1,2,Feb,46081,Y
15/02/2026,0/01/1900 0:57,MEJIC,9PL,S01,Apple Snapple,1,280,280,0,0,280,sofa blue,Cash,Manual Input,,Signature,,14/02/2026,44.80841349,44.80841349,235.1915865,2026,Qtr1,2,Feb,46081,Y
15/02/2026,0/01/1900 0:57,MEJIC,9PL,S04,Easy Caprese,1,280,280,0,0,280,sofa blue,Cash,Manual Input,,Signature,,14/02/2026,59.27996264,59.27996264,220.7200374,2026,Qtr1,2,Feb,46081,Y
15/02/2026,0/01/1900 0:09,28LRT,9PL,CXX,Custom  Band  : Voda x 1,1,280,280,0,0,280,Dj,Entertainment,Manual Input,,Mocktail,,14/02/2026,140,140,140,2026,Qtr1,2,Feb,46081,N
15/02/2026,0/01/1900 1:35,LQH9F,9PL,H20,Parton shot,1,210,210,0,0,210,1,VISA,EDC,,,,14/02/2026,97.8,97.8,112.2,2026,Qtr1,2,Feb,46081,Y
15/02/2026,0/01/1900 1:35,LQH9F,9PL,H20,Patron Silver Shot,1,210,210,0,0,210,1,VISA,EDC,,Shot,,14/02/2026,97.8,97.8,112.2,2026,Qtr1,2,Feb,46081,Y
15/02/2026,0/01/1900 1:35,LQH9F,9PL,F09,Fried chicken wings,1,140,140,0,0,140,1,VISA,EDC,,Food,,14/02/2026,70,70,70,2026,Qtr1,2,Feb,46081,Y
15/02/2026,0/01/1900 1:43,UDII8,9PL,F08,SOM TUM PLALA,1,80,80,0,0,80,35,KBank-Other,Manual Input,,Food,,14/02/2026,18.18,18.18,61.82,2026,Qtr1,2,Feb,46081,Y
15/02/2026,0/01/1900 3:21,E2M0A,9PL,F08,SOM TUM PLALA,1,80,80,0,0,80,6,KBank-Other,Manual Input,,Food,,14/02/2026,18.18,18.18,61.82,2026,Qtr1,2,Feb,46081,Y
15/02/2026,0/01/1900 3:21,E2M0A,9PL,F09,Fried chicken wings,1,140,140,0,0,140,6,KBank-Other,Manual Input,,Food,,14/02/2026,70,70,70,2026,Qtr1,2,Feb,46081,Y
15/02/2026,0/01/1900 3:21,E2M0A,9PL,H14,Jim Beam,1,1400,1400,0,0,1400,6,KBank-Other,Manual Input,,wine & Bottle,,14/02/2026,27.42857143,27.42857143,1372.571429,2026,Qtr1,2,Feb,46081,Y
15/02/2026,0/01/1900 0:04,9FVYU,9PL,H21,House Vodka Shot,2,100,200,0,0,200,7,VISA,EDC,,Shot,,14/02/2026,16,32,168,2026,Qtr1,2,Feb,46081,Y
15/02/2026,0/01/1900 0:09,28LRT,9PL,CXX,Custom  Band  : Gin x 1,2,280,560,0,0,560,Dj,Entertainment,Manual Input,,Mocktail,,14/02/2026,140,280,280,2026,Qtr1,2,Feb,46081,N
15/02/2026,0/01/1900 1:43,UDII8,9PL,F02,KHAO PAD KRAPOW BEEF,2,150,300,0,0,300,35,KBank-Other,Manual Input,,Food,,14/02/2026,49.91164662,99.82329323,200.1767068,2026,Qtr1,2,Feb,46081,Y
15/02/2026,0/01/1900 2:25,7SLQG,9PL,H01,House Gin & Mixer Mix : Tonic x 1 Mix : Tonic x 1,2,180,360,0,0,360,1,VISA,EDC,,Highball,,14/02/2026,39.1685,78.337,281.663,2026,Qtr1,2,Feb,46081,Y
15/02/2026,0/01/1900 3:20,4GGQE,9PL,C17,Espresso martini,2,250,500,0,0,500,9,KBank-Other,Manual Input,,Classic&Twist,,14/02/2026,125,250,250,2026,Qtr1,2,Feb,46081,Y
15/02/2026,0/01/1900 3:21,E2M0A,9PL,M02,Ice,2,80,160,0,0,160,6,KBank-Other,Manual Input,,Mixer,,14/02/2026,14.4,28.8,131.2,2026,Qtr1,2,Feb,46081,Y
15/02/2026,0/01/1900 3:24,GAFJ9,9PL,B01,singha Beer,2,120,240,0,0,240,Jamie,Entertainment,Manual Input,,Beer,,14/02/2026,36.875,73.75,166.25,2026,Qtr1,2,Feb,46081,N
15/02/2026,0/01/1900 0:04,9FVYU,9PL,H20,Patron Silver Shot,4,210,840,0,0,840,7,VISA,EDC,,Shot,,14/02/2026,97.8,391.2,448.8,2026,Qtr1,2,Feb,46081,Y
15/02/2026,0/01/1900 0:09,VXLNO,9PL,H18,Tequila sierra shot,3,150,450,0,0,450,7,Entertainment,Manual Input,,Shot,,14/02/2026,38.01428571,114.0428571,335.9571429,2026,Qtr1,2,Feb,46081,N
15/02/2026,0/01/1900 0:18,YJLN5,9PL,H20,Patron Silver Shot,5,210,1050,0,0,1050,6,VISA,EDC,,Shot,,14/02/2026,97.8,489,561,2026,Qtr1,2,Feb,46081,Y
15/02/2026,0/01/1900 0:31,15FYH,9PL,H21,House Vodka Shot,3,100,300,0,0,300,6,Master Card,EDC,,Shot,,14/02/2026,16,48,252,2026,Qtr1,2,Feb,46081,Y
15/02/2026,0/01/1900 0:45,47RSJ,9PL,H20,Patron Silver Shot,5,210,1050,0,0,1050,6,Master Card,EDC,,Shot,,14/02/2026,97.8,489,561,2026,Qtr1,2,Feb,46081,Y
15/02/2026,0/01/1900 1:35,LQH9F,9PL,B01,singha Beer,3,120,360,0,0,360,1,VISA,EDC,,Beer,,14/02/2026,36.875,110.625,249.375,2026,Qtr1,2,Feb,46081,Y
15/02/2026,0/01/1900 3:20,4GGQE,9PL,C15,Margarita,9,250,2250,0,0,2250,9,KBank-Other,Manual Input,,Classic&Twist,,14/02/2026,125,1125,1125,2026,Qtr1,2,Feb,46081,Y
15/02/2026,0/01/1900 3:21,E2M0A,9PL,M08,Coke Zero c,6,30,180,0,0,180,6,KBank-Other,Manual Input,,Mixer,,14/02/2026,13.41153846,80.46923077,99.53076923,2026,Qtr1,2,Feb,46081,Y
15/02/2026,0/01/1900 3:21,E2M0A,9PL,M04,Soda,8,30,240,0,0,240,6,KBank-Other,Manual Input,,Mixer,,14/02/2026,8.125,65,175,2026,Qtr1,2,Feb,46081,Y
15/02/2026,0/01/1900 3:24,GAFJ9,9PL,P04,Spicy Night 2.0 EV : House Vodka x 1,4,490,1960,0,0,1960,Jamie,Entertainment,Manual Input,,Event,,14/02/2026,120,480,1480,2026,Qtr1,2,Feb,46081,N
15/02/2026,0/01/1900 3:24,GAFJ9,9PL,P04,Spicy Night 2.0,9,490,4410,0,0,4410,Jamie,Entertainment,Manual Input,,Event,,14/02/2026,120,1080,3330,2026,Qtr1,2,Feb,46081,N
15/02/2026,0/01/1900 3:30,W7TT9,9PL,H20,Patron Silver Shot,9,210,1890,0,0,1890,Sabina,QRCode,EDC,,Shot,,14/02/2026,97.8,880.2,1009.8,2026,Qtr1,2,Feb,46081,Y
15/02/2026,0/01/1900 3:30,W7TT9,9PL,H18,Tequila sierra shot,5,150,750,0,0,750,Sabina,QRCode,EDC,,Shot,,14/02/2026,38.01428571,190.0714286,559.9285714,2026,Qtr1,2,Feb,46081,Y
15/02/2026,0/01/1900 3:59,0UTU0,9PL,H02,Jameson Highball,4,250,1000,0,0,1000,48,VISA,EDC,,Highball,,14/02/2026,82.04642857,328.1857143,671.8142857,2026,Qtr1,2,Feb,46081,Y
15/02/2026,0/01/1900 4:02,HE7LU,9PL,H02,Jameson Highball,3,250,750,0,0,750,64,Cash,Manual Input,,Highball,,14/02/2026,82.04642857,246.1392857,503.8607143,2026,Qtr1,2,Feb,46081,Y
15/02/2026,0/01/1900 4:06,439RT,9PL,F02,Khao Pad Krapow Beef egg : egg x 3,3,195,585,0,0,585,Staff,staff,Manual Input,,Food,,14/02/2026,49.91164662,149.7349398,435.2650602,2026,Qtr1,2,Feb,46081,N
15/02/2026,0/01/1900 0:09,VXLNO,9PL,H01,House Gin & Mixer Mix : Tonic x 1,5,180,900,0,0,900,7,Entertainment,Manual Input,,Highball,,14/02/2026,39.1685,195.8425,704.1575,2026,Qtr1,2,Feb,46081,N
15/02/2026,0/01/1900 0:30,XY4U3,9PL,H01,House Gin & Mixer Mix : Tonic x 1 Mix : Tonic x 1,3,180,540,0,0,540,7,Master Card,EDC,,Highball,,14/02/2026,39.1685,117.5055,422.4945,2026,Qtr1,2,Feb,46081,Y
15/02/2026,0/01/1900 3:30,W7TT9,9PL,H01,House Gin & Mixer Mix : water  x 1 Mix : water  x 1 Mix : water  x 1,3,180,540,0,0,540,Sabina,QRCode,EDC,,Highball,,14/02/2026,39.1685,117.5055,422.4945,2026,Qtr1,2,Feb,46081,Y
15/02/2026,0/01/1900 3:30,W7TT9,9PL,H01,House Gin & Mixer Mix : Tonic x 1 Mix : Tonic x 1 Mix : Tonic x 1 Mix : Tonic x 1 Mix : Tonic x 1 Mix : Tonic x 1 Mix : Tonic x 1 Mix : Tonic x 1,11,180,1980,0,0,1980,Sabina,QRCode,EDC,,Highball,,14/02/2026,39.1685,430.8535,1549.1465,2026,Qtr1,2,Feb,46081,Y
15/02/2026,0/01/1900 0:09,28LRT,9PL,M05,Purra Water,3,30,90,0,0,90,Dj,Entertainment,Manual Input,,Mixer,,14/02/2026,6.6,19.8,70.2,2026,Qtr1,2,Feb,46081,N
15/02/2026,0/01/1900 4:06,439RT,9PL,M05,Purra Water,5,30,150,0,0,150,Staff,staff,Manual Input,,Mixer,,14/02/2026,6.6,33,117,2026,Qtr1,2,Feb,46081,N
15/02/2026,0/01/1900 4:06,MPV2P,9PL,H04,House Vodka & Mixer,6,180,1080,540,0.5,540,AomJamies,Cash,Manual Input,jim,Highball,,14/02/2026,39.1685,235.011,304.989,2026,Qtr1,2,Feb,46081,Y
15/02/2026,0/01/1900 4:06,MPV2P,9PL,H05,House Whisky & Mixer Mix : Soda x 1,1,180,180,90,0.5,90,AomJamies,Cash,Manual Input,jim,Highball,,14/02/2026,56.71785714,56.71785714,33.28214286,2026,Qtr1,2,Feb,46081,Y
15/02/2026,0/01/1900 4:06,MPV2P,9PL,M04,Soda,15,30,450,225,0.5,225,AomJamies,Cash,Manual Input,jim,Mixer,,14/02/2026,8.125,121.875,103.125,2026,Qtr1,2,Feb,46081,Y
15/02/2026,0/01/1900 4:06,MPV2P,9PL,M05,Purra Water,6,30,180,90,0.5,90,AomJamies,Cash,Manual Input,jim,Mixer,,14/02/2026,6.6,39.6,50.4,2026,Qtr1,2,Feb,46081,Y
15/02/2026,0/01/1900 4:06,MPV2P,9PL,F10,French Fries,1,120,120,60,0.5,60,AomJamies,Cash,Manual Input,jim,Food,,14/02/2026,22.45,22.45,37.55,2026,Qtr1,2,Feb,46081,Y
16/02/2026,0/01/1900 6:49,0NV6C,AB1,M05,Purra Water,1,30,30,0,0,30,Staff,staff,Manual Input,,Mixer,,15/02/2026,6.6,6.6,23.4,2026,Qtr1,2,Feb,46081,N
16/02/2026,0/01/1900 6:49,0NV6C,AB1,M09,sprite,1,30,30,0,0,30,Staff,staff,Manual Input,,Mixer,,15/02/2026,12.92833333,12.92833333,17.07166667,2026,Qtr1,2,Feb,46081,N
16/02/2026,0/01/1900 6:49,0NV6C,AB1,F02,Khao Pad Krapow Beef egg : egg x 1,1,165,165,0,0,165,Staff,staff,Manual Input,,Food,,15/02/2026,49.91164662,49.91164662,115.0883534,2026,Qtr1,2,Feb,46081,N
17/02/2026,0/01/1900 16:44,E7AKA,DPP,B02,Asahi Beer,9,120,1080,540,0.5,540,AomJamies,Bank Transfer,Manual Input,à¸‚à¸­à¸‡à¸ˆà¸´à¸¡à¸¡à¸µà¹ˆ à¸‚à¸­à¸‡à¸—à¸µà¹ˆà¸­à¸­à¸à¹„à¸›à¸«à¸¥à¸±à¸‡à¸›à¸´à¸”à¸šà¸´à¸¥ à¸‚à¸­à¸‡à¸§à¸±à¸™à¹€à¸ªà¸²à¸£à¹Œ à¸•à¸±à¸”à¸ªà¸•à¹‡à¸­à¸à¸£à¸§à¸¡à¹„à¸›à¸§à¸±à¸™à¹€à¸ªà¸²à¸£à¹Œà¹à¸¥à¹‰à¸§,Beer,,17/02/2026,42.41666667,381.75,158.25,2026,Qtr1,2,Feb,46081,Y
17/02/2026,0/01/1900 16:44,E7AKA,DPP,M05,Purra Water,4,30,120,60,0.5,60,AomJamies,Bank Transfer,Manual Input,à¸‚à¸­à¸‡à¸ˆà¸´à¸¡à¸¡à¸µà¹ˆ à¸‚à¸­à¸‡à¸—à¸µà¹ˆà¸­à¸­à¸à¹„à¸›à¸«à¸¥à¸±à¸‡à¸›à¸´à¸”à¸šà¸´à¸¥ à¸‚à¸­à¸‡à¸§à¸±à¸™à¹€à¸ªà¸²à¸£à¹Œ à¸•à¸±à¸”à¸ªà¸•à¹‡à¸­à¸à¸£à¸§à¸¡à¹„à¸›à¸§à¸±à¸™à¹€à¸ªà¸²à¸£à¹Œà¹à¸¥à¹‰à¸§,Mixer,,17/02/2026,6.6,26.4,33.6,2026,Qtr1,2,Feb,46081,Y
18/02/2026,0/01/1900 0:15,WUJ2T,DPP,H11,Zoladkowa vodka.,1,0,0,0,0,0,Jamie,Tasting,Manual Input,,Testing,,17/02/2026,24.42857143,24.42857143,-24.42857143,2026,Qtr1,2,Feb,46081,Y
18/02/2026,0/01/1900 0:15,WUJ2T,DPP,M05,Water,1,0,0,0,0,0,Jamie,Tasting,Manual Input,,Testing,,17/02/2026,6.6,6.6,-6.6,2026,Qtr1,2,Feb,46081,Y
18/02/2026,0/01/1900 0:16,RTTJK,DPP,F01,Khao Pad Krapow Pork egg : egg x 1,1,135,135,0,0,135,Staff,staff,Manual Input,,Food,,17/02/2026,37.79164662,37.79164662,97.20835338,2026,Qtr1,2,Feb,46081,N
18/02/2026,0/01/1900 0:16,RTTJK,DPP,M05,Purra Water,2,30,60,0,0,60,Staff,staff,Manual Input,,Mixer,,17/02/2026,6.6,13.2,46.8,2026,Qtr1,2,Feb,46081,N
18/02/2026,0/01/1900 0:15,GMUYS,DPP,M05,Purra Water,1,30,30,15,0.5,15,AomJamies,Bank Transfer,Manual Input,jim,Mixer,,17/02/2026,6.6,6.6,8.4,2026,Qtr1,2,Feb,46081,Y
18/02/2026,0/01/1900 0:15,GMUYS,DPP,F01,KHAO PAD KRAPOW PORK,1,120,120,60,0.5,60,AomJamies,Bank Transfer,Manual Input,jim,Food,,17/02/2026,37.79164662,37.79164662,22.20835338,2026,Qtr1,2,Feb,46081,Y
19/02/2026,0/01/1900 0:30,5J8VR,C6G,M05,Purra Water,1,30,30,0,0,30,Staff,staff,Manual Input,,Mixer,,18/02/2026,6.6,6.6,23.4,2026,Qtr1,2,Feb,46081,N
19/02/2026,0/01/1900 0:30,5J8VR,C6G,M09,sprite,1,30,30,0,0,30,Staff,staff,Manual Input,,Mixer,,18/02/2026,12.92833333,12.92833333,17.07166667,2026,Qtr1,2,Feb,46081,N
19/02/2026,0/01/1900 19:10,JWENQ,85T,F04,Omelette - Thai Style à¸žà¸´à¹€à¸¨à¸© : à¸žà¸´à¹€à¸¨à¸© x 1,1,120,120,24,0.2,96,35,Cash,Manual Input,icehouse,Food,,19/02/2026,25.78082331,25.78082331,70.21917669,2026,Qtr1,2,Feb,46081,Y
19/02/2026,0/01/1900 19:11,SDXGY,85T,F04,Omelette - Thai Style à¸žà¸´à¹€à¸¨à¸© : à¸žà¸´à¹€à¸¨à¸© x 1,1,120,120,24,0.2,96,36,KBank-Other,Manual Input,icehouse,Food,,19/02/2026,25.78082331,25.78082331,70.21917669,2026,Qtr1,2,Feb,46081,Y
19/02/2026,0/01/1900 0:30,ZCP8P,C6G,H01,House Gin & Mixer,1,180,180,90,0.5,90,AomJamies,Bank Transfer,Manual Input,jim,Highball,,18/02/2026,39.1685,39.1685,50.8315,2026,Qtr1,2,Feb,46081,Y
19/02/2026,0/01/1900 0:30,ZCP8P,C6G,M04,Soda,2,30,60,30,0.5,30,AomJamies,Bank Transfer,Manual Input,jim,Mixer,,18/02/2026,8.125,16.25,13.75,2026,Qtr1,2,Feb,46081,Y
20/02/2026,0/01/1900 0:06,W8JWD,85T,M05,Purra Water,1,30,30,0,0,30,Staff,staff,Manual Input,,Mixer,,19/02/2026,6.6,6.6,23.4,2026,Qtr1,2,Feb,46081,N
20/02/2026,0/01/1900 23:55,DOIH9,CV5,C28,Negroni,1,250,250,0,0,250,sofa blue,KBank-Other,Manual Input,,Classic&Twist,,20/02/2026,125,125,125,2026,Qtr1,2,Feb,46081,Y
20/02/2026,0/01/1900 0:06,W8JWD,85T,F06,FRIED EGG,1,60,60,0,0,60,Staff,staff,Manual Input,,Food,,19/02/2026,24.79,24.79,35.21,2026,Qtr1,2,Feb,46081,N
20/02/2026,0/01/1900 23:16,ZE7T6,CV5,P02,HH Buy1 Get1 Beer Happy hour 1-1 : Beer Asahi x 2,2,0,0,0,0,0,4,KBank-Other,Manual Input,,Happy Hour,,20/02/2026,0,0,0,2026,Qtr1,2,Feb,46081,Y
20/02/2026,0/01/1900 23:16,ZE7T6,CV5,B02,Asahi Beer,5,120,600,0,0,600,4,KBank-Other,Manual Input,,Beer,,20/02/2026,42.41666667,212.0833333,387.9166667,2026,Qtr1,2,Feb,46081,Y
21/02/2026,0/01/1900 1:27,7K190,CV5,M05,Purra Water,1,30,30,0,0,30,3,KBank-Other,Manual Input,,Mixer,,20/02/2026,6.6,6.6,23.4,2026,Qtr1,2,Feb,46081,Y
21/02/2026,0/01/1900 2:20,GD4XC,CV5,M05,Purra Water,1,30,30,0,0,30,7,KBank-Other,Manual Input,,Mixer,,20/02/2026,6.6,6.6,23.4,2026,Qtr1,2,Feb,46081,Y
21/02/2026,0/01/1900 3:44,URIP3,CV5,M05,Purra Water,1,30,30,0,0,30,1,KBank-Other,Manual Input,,Mixer,,20/02/2026,6.6,6.6,23.4,2026,Qtr1,2,Feb,46081,Y
21/02/2026,0/01/1900 1:10,6P5BZ,CV5,M06,Ginger ale,1,30,30,0,0,30,4,KBank-Other,Manual Input,,Mixer,,20/02/2026,14.375,14.375,15.625,2026,Qtr1,2,Feb,46081,Y
21/02/2026,0/01/1900 2:51,DRRDO,CV5,M06,Ginger ale,1,30,30,0,0,30,4,KBank-Other,Manual Input,,Mixer,,20/02/2026,14.375,14.375,15.625,2026,Qtr1,2,Feb,46081,Y
21/02/2026,0/01/1900 3:44,A9KFI,CV5,B01,singha Beer,1,120,120,0,0,120,4,KBank-Other,Manual Input,,Beer,,20/02/2026,36.875,36.875,83.125,2026,Qtr1,2,Feb,46081,Y
21/02/2026,0/01/1900 5:01,VC4HZ,CV5,B02,Asahi Beer,1,120,120,0,0,120,48,KBank-Other,Manual Input,,Beer,,20/02/2026,42.41666667,42.41666667,77.58333333,2026,Qtr1,2,Feb,46081,Y
21/02/2026,0/01/1900 5:03,YP95G,CV5,H03,House Tequila & Mixer,1,180,180,0,0,180,Staff,staff,Manual Input,,Highball,,20/02/2026,72.59642857,72.59642857,107.4035714,2026,Qtr1,2,Feb,46081,N
21/02/2026,0/01/1900 3:22,U3FRT,CV5,C11,Manhattan,1,250,250,0,0,250,8,KBank-Other,Manual Input,,Classic&Twist,,20/02/2026,125,125,125,2026,Qtr1,2,Feb,46081,Y
21/02/2026,0/01/1900 3:44,A9KFI,CV5,CXX,Custom  Band  : Gin x 1,1,280,280,0,0,280,4,KBank-Other,Manual Input,,Mocktail,,20/02/2026,140,140,140,2026,Qtr1,2,Feb,46081,Y
21/02/2026,0/01/1900 3:45,S5CY1,CV5,M02,Ice,1,80,80,0,0,80,5,KBank-Other,Manual Input,,Mixer,,20/02/2026,14.4,14.4,65.6,2026,Qtr1,2,Feb,46081,Y
21/02/2026,0/01/1900 3:45,S5CY1,CV5,W05,Regency B,1,1200,1200,0,0,1200,5,KBank-Other,Manual Input,,wine & Bottle,,20/02/2026,565,565,635,2026,Qtr1,2,Feb,46081,Y
21/02/2026,0/01/1900 3:45,S5CY1,CV5,H05,House Whisky & Mixer,1,220,220,0,0,220,5,KBank-Other,Manual Input,,Highball,,20/02/2026,56.71785714,56.71785714,163.2821429,2026,Qtr1,2,Feb,46081,Y
21/02/2026,0/01/1900 4:40,2I4S1,CV5,BXX,Buffet,1,300,300,0,0,300,10,KBank-Other,Manual Input,,Event,,20/02/2026,400,400,-100,2026,Qtr1,2,Feb,46081,Y
21/02/2026,0/01/1900 4:40,3LW4D,CV5,BXX,Buffet,1,300,300,0,0,300,9,KBank-Other,Manual Input,,Event,,20/02/2026,400,400,-100,2026,Qtr1,2,Feb,46081,Y
21/02/2026,0/01/1900 5:01,WPUJ3,CV5,H18,Tequila sierra shot,1,150,150,0,0,150,64,KBank-Other,Manual Input,,Shot,,20/02/2026,38.01428571,38.01428571,111.9857143,2026,Qtr1,2,Feb,46081,Y
21/02/2026,0/01/1900 5:03,YP95G,CV5,F01,Khao Pad Krapow Pork egg : egg x 1,1,135,135,0,0,135,Staff,staff,Manual Input,,Food,,20/02/2026,37.79164662,37.79164662,97.20835338,2026,Qtr1,2,Feb,46081,N
21/02/2026,0/01/1900 5:03,YP95G,CV5,F02,Khao Pad Krapow Beef egg : egg x 1,1,165,165,0,0,165,Staff,staff,Manual Input,,Food,,20/02/2026,49.91164662,49.91164662,115.0883534,2026,Qtr1,2,Feb,46081,N
21/02/2026,0/01/1900 2:20,GD4XC,CV5,C01,Whisky Sour Coco,2,250,500,0,0,500,7,KBank-Other,Manual Input,,Classic&Twist,,20/02/2026,92.29214286,184.5842857,315.4157143,2026,Qtr1,2,Feb,46081,Y
21/02/2026,0/01/1900 3:39,HBGQ5,CV5,H03,House Tequila & Mixer Mix : Tonic x 1 Mix : Tonic x 1,2,180,360,0,0,360,2,KBank-Other,Manual Input,,Highball,,20/02/2026,72.59642857,145.1928571,214.8071429,2026,Qtr1,2,Feb,46081,Y
21/02/2026,0/01/1900 5:01,VC4HZ,CV5,B01,singha Beer,2,120,240,0,0,240,48,KBank-Other,Manual Input,,Beer,,20/02/2026,36.875,73.75,166.25,2026,Qtr1,2,Feb,46081,Y
21/02/2026,0/01/1900 3:39,HBGQ5,CV5,B01,singha Beer,8,120,960,0,0,960,2,KBank-Other,Manual Input,,Beer,,20/02/2026,36.875,295,665,2026,Qtr1,2,Feb,46081,Y
21/02/2026,0/01/1900 3:44,URIP3,CV5,B01,singha Beer,4,120,480,0,0,480,1,KBank-Other,Manual Input,,Beer,,20/02/2026,36.875,147.5,332.5,2026,Qtr1,2,Feb,46081,Y
21/02/2026,0/01/1900 3:44,I2U9P,CV5,B01,singha Beer,4,120,480,0,0,480,2,KBank-Other,Manual Input,,Beer,,20/02/2026,36.875,147.5,332.5,2026,Qtr1,2,Feb,46081,Y
21/02/2026,0/01/1900 3:45,S5CY1,CV5,M06,Ginger ale,5,30,150,0,0,150,5,KBank-Other,Manual Input,,Mixer,,20/02/2026,14.375,71.875,78.125,2026,Qtr1,2,Feb,46081,Y
21/02/2026,0/01/1900 5:03,YP95G,CV5,M05,Purra Water,5,30,150,0,0,150,Staff,staff,Manual Input,,Mixer,,20/02/2026,6.6,33,117,2026,Qtr1,2,Feb,46081,N
21/02/2026,0/01/1900 3:44,I2U9P,CV5,M05,Purra Water,2,30,60,0,0,60,2,KBank-Other,Manual Input,,Mixer,,20/02/2026,6.6,13.2,46.8,2026,Qtr1,2,Feb,46081,Y
21/02/2026,0/01/1900 3:45,S5CY1,CV5,M05,Purra Water,2,30,60,0,0,60,5,KBank-Other,Manual Input,,Mixer,,20/02/2026,6.6,13.2,46.8,2026,Qtr1,2,Feb,46081,Y
21/02/2026,0/01/1900 21:14,90THA,T8L,S12,à¹à¸®à¸Šà¸šà¸£à¸²à¸§,1,99,99,50,0.5,50,AomJamies,Bank Transfer,Manual Input,à¸ˆà¸´à¸¡,,,21/02/2026,28.11585714,28.11585714,21.88414286,2026,Qtr1,2,Feb,46081,Y
21/02/2026,0/01/1900 21:14,90THA,T8L,F01,Khao Pad Krapow Pork egg : egg x 1,1,135,135,68,0.5,68,AomJamies,Bank Transfer,Manual Input,à¸ˆà¸´à¸¡,Food,,21/02/2026,37.79164662,37.79164662,30.20835338,2026,Qtr1,2,Feb,46081,Y
21/02/2026,0/01/1900 21:14,90THA,T8L,F02,Khao Pad Krapow Beef egg : egg x 2,1,180,180,90,0.5,90,AomJamies,Bank Transfer,Manual Input,à¸ˆà¸´à¸¡,Food,,21/02/2026,49.91164662,49.91164662,40.08835338,2026,Qtr1,2,Feb,46081,Y
21/02/2026,0/01/1900 21:14,90THA,T8L,F08,SOM TUM PLALA,1,80,80,40,0.5,40,AomJamies,Bank Transfer,Manual Input,à¸ˆà¸´à¸¡,Food,,21/02/2026,18.18,18.18,21.82,2026,Qtr1,2,Feb,46081,Y
21/02/2026,0/01/1900 21:14,90THA,T8L,F10,French Fries,1,120,120,60,0.5,60,AomJamies,Bank Transfer,Manual Input,à¸ˆà¸´à¸¡,Food,,21/02/2026,22.45,22.45,37.55,2026,Qtr1,2,Feb,46081,Y
21/02/2026,0/01/1900 5:03,WZFPY,CV5,M04,Soda,9,30,270,135,0.5,135,AomJamies,Bank Transfer,Manual Input,jim,Mixer,,20/02/2026,8.125,73.125,61.875,2026,Qtr1,2,Feb,46081,Y
21/02/2026,0/01/1900 5:03,WZFPY,CV5,F08,SOM TUM PLALA,1,80,80,40,0.5,40,AomJamies,Bank Transfer,Manual Input,jim,Food,,20/02/2026,18.18,18.18,21.82,2026,Qtr1,2,Feb,46081,Y
21/02/2026,0/01/1900 5:03,WZFPY,CV5,M02,Ice,1,80,80,40,0.5,40,AomJamies,Bank Transfer,Manual Input,jim,Mixer,,20/02/2026,14.4,14.4,25.6,2026,Qtr1,2,Feb,46081,Y
21/02/2026,0/01/1900 5:03,WZFPY,CV5,M07,coke c,2,30,60,30,0.5,30,AomJamies,Bank Transfer,Manual Input,jim,Mixer,,20/02/2026,13.41153846,26.82307692,3.176923077,2026,Qtr1,2,Feb,46081,Y
21/02/2026,0/01/1900 5:03,WZFPY,CV5,M05,Purra Water,6,30,180,90,0.5,90,AomJamies,Bank Transfer,Manual Input,jim,Mixer,,20/02/2026,6.6,39.6,50.4,2026,Qtr1,2,Feb,46081,Y
21/02/2026,0/01/1900 5:03,WZFPY,CV5,H01,House Gin & Mixer Mix : Soda x 1 Mix : Soda x 1,3,180,540,270,0.5,270,AomJamies,Bank Transfer,Manual Input,jim,Highball,,20/02/2026,39.1685,117.5055,152.4945,2026,Qtr1,2,Feb,46081,Y
21/02/2026,0/01/1900 5:03,WZFPY,CV5,B02,Asahi Beer,2,120,240,120,0.5,120,AomJamies,Bank Transfer,Manual Input,jim,Beer,,20/02/2026,42.41666667,84.83333333,35.16666667,2026,Qtr1,2,Feb,46081,Y
21/02/2026,0/01/1900 5:03,WZFPY,CV5,H05,Premium Whisky & Mixer Mix : Soda x 1,1,220,220,110,0.5,110,AomJamies,Bank Transfer,Manual Input,jim,Highball,,20/02/2026,56.71785714,56.71785714,53.28214286,2026,Qtr1,2,Feb,46081,Y
22/02/2026,0/01/1900 2:58,RHBZ5,T8L,F02,Khao Pad Krapow Beef egg : egg x 1,1,165,165,0,0,165,Staff,staff,Manual Input,,Food,,21/02/2026,49.91164662,49.91164662,115.0883534,2026,Qtr1,2,Feb,46081,N
22/02/2026,0/01/1900 2:58,RHBZ5,T8L,F01,Khao Pad Krapow Pork egg : egg x 1,1,135,135,0,0,135,Staff,staff,Manual Input,,Food,,21/02/2026,37.79164662,37.79164662,97.20835338,2026,Qtr1,2,Feb,46081,N
22/02/2026,0/01/1900 2:58,RHBZ5,T8L,M05,Purra Water,2,30,60,0,0,60,Staff,staff,Manual Input,,Mixer,,21/02/2026,6.6,13.2,46.8,2026,Qtr1,2,Feb,46081,N
23/02/2026,0/01/1900 0:20,T53G8,T9G,F06,FRIED EGG,1,60,60,0,0,60,Staff,staff,Manual Input,,Food,,22/02/2026,24.79,24.79,35.21,2026,Qtr1,2,Feb,46081,N
23/02/2026,0/01/1900 0:20,T53G8,T9G,M05,Purra Water,2,30,60,0,0,60,Staff,staff,Manual Input,,Mixer,,22/02/2026,6.6,13.2,46.8,2026,Qtr1,2,Feb,46081,N
24/02/2026,0/01/1900 21:02,782DJ,UIX,B02,Asahi Beer,1,120,120,0,0,120,35,KBank-Other,Manual Input,,Beer,,24/02/2026,42.41666667,42.41666667,77.58333333,2026,Qtr1,2,Feb,46081,Y
24/02/2026,0/01/1900 21:02,782DJ,UIX,H01,House Gin & Mixer Mix : Tonic x 1,1,180,180,0,0,180,35,KBank-Other,Manual Input,,Highball,,24/02/2026,39.1685,39.1685,140.8315,2026,Qtr1,2,Feb,46081,Y
24/02/2026,0/01/1900 21:02,782DJ,UIX,P02,HH Buy1 Get1 Beer Happy hour 1-1 : Beer Asahi x 1,1,0,0,0,0,0,35,KBank-Other,Manual Input,,Happy Hour,,24/02/2026,0,0,0,2026,Qtr1,2,Feb,46081,Y
25/02/2026,0/01/1900 19:34,8J36L,AW5,F10,French Fries,1,120,120,0,0,120,AomJamies,Tasting,Manual Input,,Food,,25/02/2026,22.45,22.45,97.55,2026,Qtr1,2,Feb,46081,Y
25/02/2026,0/01/1900 19:34,8J36L,AW5,F09,Fried chicken wings,1,140,140,0,0,140,AomJamies,Tasting,Manual Input,,Food,,25/02/2026,70,70,70,2026,Qtr1,2,Feb,46081,Y
25/02/2026,0/01/1900 19:34,8J36L,AW5,F02,Khao Pad Krapow Beef egg : egg x 1,1,165,165,0,0,165,AomJamies,Tasting,Manual Input,,Food,,25/02/2026,49.91164662,49.91164662,115.0883534,2026,Qtr1,2,Feb,46081,Y
25/02/2026,0/01/1900 19:34,8J36L,AW5,F01,Khao Pad Krapow Pork egg : egg x 1,1,135,135,0,0,135,AomJamies,Tasting,Manual Input,,Food,,25/02/2026,37.79164662,37.79164662,97.20835338,2026,Qtr1,2,Feb,46081,Y
25/02/2026,0/01/1900 19:34,8J36L,AW5,M05,Water,1,0,0,0,0,0,AomJamies,Tasting,Manual Input,,Testing,,25/02/2026,6.6,6.6,-6.6,2026,Qtr1,2,Feb,46081,Y
25/02/2026,0/01/1900 19:34,8J36L,AW5,M04,Soda,1,0,0,0,0,0,AomJamies,Tasting,Manual Input,,Testing,,25/02/2026,8.125,8.125,-8.125,2026,Qtr1,2,Feb,46081,Y
25/02/2026,0/01/1900 19:34,8J36L,AW5,H23,House Gin,1,0,0,0,0,0,AomJamies,Tasting,Manual Input,,,,25/02/2026,27.64285714,27.64285714,-27.64285714,2026,Qtr1,2,Feb,46081,Y
25/02/2026,0/01/1900 0:10,B9YMH,UIX,M05,Purra Water,2,30,60,0,0,60,Staff,staff,Manual Input,,Mixer,,24/02/2026,6.6,13.2,46.8,2026,Qtr1,2,Feb,46081,N
26/02/2026,0/01/1900 21:30,D9XYQ,SYT,B02,Asahi Beer,1,120,120,0,0,120,36,KBank-Other,Manual Input,,Beer,,26/02/2026,42.41666667,42.41666667,77.58333333,2026,Qtr1,2,Feb,46081,Y
26/02/2026,0/01/1900 21:30,D9XYQ,SYT,H01,House Gin & Mixer,1,180,180,0,0,180,36,KBank-Other,Manual Input,,Highball,,26/02/2026,39.1685,39.1685,140.8315,2026,Qtr1,2,Feb,46081,Y
26/02/2026,0/01/1900 21:06,Y9ITA,SYT,H23,House Gin,1,0,0,0,0,0,AomJamies,Tasting,Manual Input,,,,26/02/2026,27.64285714,27.64285714,-27.64285714,2026,Qtr1,2,Feb,46081,Y
26/02/2026,0/01/1900 21:06,Y9ITA,SYT,M05,Water,1,0,0,0,0,0,AomJamies,Tasting,Manual Input,,Testing,,26/02/2026,6.6,6.6,-6.6,2026,Qtr1,2,Feb,46081,Y
26/02/2026,0/01/1900 21:06,Y9ITA,SYT,M04,Soda,1,0,0,0,0,0,AomJamies,Tasting,Manual Input,,Testing,,26/02/2026,8.125,8.125,-8.125,2026,Qtr1,2,Feb,46081,Y
26/02/2026,0/01/1900 21:30,D9XYQ,SYT,P02,HH Buy1 Get1 Beer Happy hour 1-1 : Beer Asahi x 1,1,0,0,0,0,0,36,KBank-Other,Manual Input,,Happy Hour,,26/02/2026,0,0,0,2026,Qtr1,2,Feb,46081,Y
26/02/2026,0/01/1900 23:53,19VLD,SYT,F09,Fried chicken wings,1,140,140,0,0,140,41,Grab,Manual Input,,Food,,26/02/2026,70,70,70,2026,Qtr1,2,Feb,46081,Y
26/02/2026,0/01/1900 23:53,19VLD,SYT,F01,Khao Pad Krapow Pork egg : egg x 1,1,135,135,0,0,135,41,Grab,Manual Input,,Food,,26/02/2026,37.79164662,37.79164662,97.20835338,2026,Qtr1,2,Feb,46081,Y
26/02/2026,0/01/1900 23:53,19VLD,SYT,0,order in Grab,1,0,0,0,0,0,41,Grab,Manual Input,,,,26/02/2026,,,,2026,Qtr1,2,Feb,46081,Y
26/02/2026,0/01/1900 23:53,ZC8CI,SYT,F06,FRIED EGG,1,60,60,0,0,60,Staff,staff,Manual Input,,Food,,26/02/2026,24.79,24.79,35.21,2026,Qtr1,2,Feb,46081,N
26/02/2026,0/01/1900 1:21,JICU3,AW5,M05,Purra Water,2,30,60,0,0,60,Staff,staff,Manual Input,,Mixer,,25/02/2026,6.6,13.2,46.8,2026,Qtr1,2,Feb,46081,N
26/02/2026,0/01/1900 23:53,ZC8CI,SYT,M05,Purra Water,2,30,60,0,0,60,Staff,staff,Manual Input,,Mixer,,26/02/2026,6.6,13.2,46.8,2026,Qtr1,2,Feb,46081,N
27/02/2026,0/01/1900 23:07,L0OG3,5WF,M05,Purra Water,1,30,30,0,0,30,sofa flower,Cash,Manual Input,,Mixer,,27/02/2026,6.6,6.6,23.4,2026,Qtr1,2,Feb,46081,Y
27/02/2026,0/01/1900 23:07,L0OG3,5WF,F10,French Fries,1,120,120,0,0,120,sofa flower,Cash,Manual Input,,Food,,27/02/2026,22.45,22.45,97.55,2026,Qtr1,2,Feb,46081,Y
27/02/2026,0/01/1900 23:18,9IOVT,5WF,F10,French Fries,1,120,120,0,0,120,2,KBank-Other,Manual Input,,Food,,27/02/2026,22.45,22.45,97.55,2026,Qtr1,2,Feb,46081,Y
27/02/2026,0/01/1900 23:18,CE6SY,5WF,F10,French Fries,1,120,120,0,0,120,1,KBank-Other,Manual Input,,Food,,27/02/2026,22.45,22.45,97.55,2026,Qtr1,2,Feb,46081,Y
27/02/2026,0/01/1900 23:18,CE6SY,5WF,B01,à¹à¸®à¸Šà¸šà¸£à¸²à¸§,1,120,120,0,0,120,1,KBank-Other,Manual Input,,,,27/02/2026,36.875,36.875,83.125,2026,Qtr1,2,Feb,46081,Y
27/02/2026,0/01/1900 23:18,CE6SY,5WF,F02,Khao Pad Krapow Beef egg : egg x 2,1,180,180,0,0,180,1,KBank-Other,Manual Input,,Food,,27/02/2026,49.91164662,49.91164662,130.0883534,2026,Qtr1,2,Feb,46081,Y
27/02/2026,0/01/1900 23:18,9IOVT,5WF,C12,Lychee Martini,1,250,250,0,0,250,2,KBank-Other,Manual Input,,Classic&Twist,,27/02/2026,125,125,125,2026,Qtr1,2,Feb,46081,Y
27/02/2026,0/01/1900 23:18,CE6SY,5WF,C12,Lychee Martini,1,250,250,0,0,250,1,KBank-Other,Manual Input,,Classic&Twist,,27/02/2026,125,125,125,2026,Qtr1,2,Feb,46081,Y
27/02/2026,0/01/1900 18:20,EV00A,5WF,F02,Khao Pad Krapow Beef egg : egg x 1,1,165,165,0,0,165,10,KBank-Other,Manual Input,,Food,,27/02/2026,49.91164662,49.91164662,115.0883534,2026,Qtr1,2,Feb,46081,Y
27/02/2026,0/01/1900 23:18,9IOVT,5WF,F08,SOM TUM PLALA,1,80,80,0,0,80,2,KBank-Other,Manual Input,,Food,,27/02/2026,18.18,18.18,61.82,2026,Qtr1,2,Feb,46081,Y
27/02/2026,0/01/1900 23:18,9IOVT,5WF,F07,SOM TUM THAI,1,80,80,0,0,80,2,KBank-Other,Manual Input,,Food,,27/02/2026,18.19,18.19,61.81,2026,Qtr1,2,Feb,46081,Y
27/02/2026,0/01/1900 23:18,9IOVT,5WF,F09,Fried chicken wings,1,140,140,0,0,140,2,KBank-Other,Manual Input,,Food,,27/02/2026,70,70,70,2026,Qtr1,2,Feb,46081,Y
27/02/2026,0/01/1900 23:18,9IOVT,5WF,F02,Khao Pad Krapow Beef egg : egg x 1,1,165,165,0,0,165,2,KBank-Other,Manual Input,,Food,,27/02/2026,49.91164662,49.91164662,115.0883534,2026,Qtr1,2,Feb,46081,Y
27/02/2026,0/01/1900 23:18,9IOVT,5WF,F01,Khao Pad Krapow Pork egg : egg x 1,1,135,135,0,0,135,2,KBank-Other,Manual Input,,Food,,27/02/2026,37.79164662,37.79164662,97.20835338,2026,Qtr1,2,Feb,46081,Y
27/02/2026,0/01/1900 23:18,CE6SY,5WF,B02,HH Buy2 Get1 HB Happy Hour 2-1  : House Gin x 1,1,0,0,0,0,0,1,KBank-Other,Manual Input,,Happy Hour,,27/02/2026,42.41666667,42.41666667,-42.41666667,2026,Qtr1,2,Feb,46081,Y
27/02/2026,0/01/1900 23:18,CE6SY,5WF,P02,HH Buy1 Get1 Beer Happy hour 1-1 : Beer Asahi x 1 Happy hour 1-1 : Beer Asahi x 1,2,0,0,0,0,0,1,KBank-Other,Manual Input,,Happy Hour,,27/02/2026,0,0,0,2026,Qtr1,2,Feb,46081,Y
27/02/2026,0/01/1900 23:18,CE6SY,5WF,B02,Asahi Beer,2,120,240,0,0,240,1,KBank-Other,Manual Input,,Beer,,27/02/2026,42.41666667,84.83333333,155.1666667,2026,Qtr1,2,Feb,46081,Y
27/02/2026,0/01/1900 23:18,CE6SY,5WF,B04,Guinness Beer,2,280,560,0,0,560,1,KBank-Other,Manual Input,,,,27/02/2026,136,272,288,2026,Qtr1,2,Feb,46081,Y
27/02/2026,0/01/1900 23:18,CE6SY,5WF,H01,House Gin & Mixer Mix : Tonic x 1 Mix : Tonic x 1,2,180,360,0,0,360,1,KBank-Other,Manual Input,,Highball,,27/02/2026,39.1685,78.337,281.663,2026,Qtr1,2,Feb,46081,Y
27/02/2026,0/01/1900 23:18,9IOVT,5WF,P02,HH Buy1 Get1 Beer Happy hour 1-1 : Beer Asahi x 1 Happy hour 1-1 : Beer Asahi x 1 Happy hour 1-1 : Beer Asahi x 1,3,0,0,0,0,0,2,KBank-Other,Manual Input,,Happy Hour,,27/02/2026,0,0,0,2026,Qtr1,2,Feb,46081,Y
27/02/2026,0/01/1900 23:18,9IOVT,5WF,B02,Asahi Beer,3,120,360,0,0,360,2,KBank-Other,Manual Input,,Beer,,27/02/2026,42.41666667,127.25,232.75,2026,Qtr1,2,Feb,46081,Y
27/02/2026,0/01/1900 23:18,9IOVT,5WF,M05,Purra Water,3,30,90,0,0,90,2,KBank-Other,Manual Input,,Mixer,,27/02/2026,6.6,19.8,70.2,2026,Qtr1,2,Feb,46081,Y
28/02/2026,0/01/1900 2:01,ZZDV1,5WF,M05,Purra Water,1,30,30,0,0,30,sofa flower,KBank-Other,Manual Input,,Mixer,,27/02/2026,6.6,6.6,23.4,2026,Qtr1,2,Feb,46081,Y
28/02/2026,0/01/1900 21:52,NFVK7,QDR,M05,Purra Water,1,30,30,0,0,30,AomJamies,KBank-Other,Manual Input,,Mixer,,28/02/2026,6.6,6.6,23.4,2026,Qtr1,2,Feb,46081,Y
28/02/2026,0/01/1900 21:20,QRE58,QDR,J05,5 A DAY,1,120,120,0,0,120,2,Cash,Manual Input,,Juice,,28/02/2026,60,60,60,2026,Qtr1,2,Feb,46081,Y
28/02/2026,0/01/1900 21:52,NFVK7,QDR,F10,French Fries,1,120,120,0,0,120,AomJamies,KBank-Other,Manual Input,,Food,,28/02/2026,22.45,22.45,97.55,2026,Qtr1,2,Feb,46081,Y
28/02/2026,0/01/1900 2:49,6A9IP,5WF,H01,House Gin & Mixer Mix : Tonic x 1,1,180,180,0,0,180,10,KBank-Other,Manual Input,,Highball,,27/02/2026,39.1685,39.1685,140.8315,2026,Qtr1,2,Feb,46081,Y
28/02/2026,0/01/1900 2:01,ZZDV1,5WF,S02,Grape Escape,1,280,280,0,0,280,sofa flower,KBank-Other,Manual Input,,Signature,,27/02/2026,60.40108225,60.40108225,219.5989177,2026,Qtr1,2,Feb,46081,Y
28/02/2026,0/01/1900 2:01,ZZDV1,5WF,S03,Paprika Papi,1,280,280,0,0,280,sofa flower,KBank-Other,Manual Input,,Signature,,27/02/2026,81.35291005,81.35291005,198.6470899,2026,Qtr1,2,Feb,46081,Y
28/02/2026,0/01/1900 2:49,JI89L,5WF,B04,Guinness Beer,1,280,280,0,0,280,Sabina,Tasting,Manual Input,,,,27/02/2026,136,136,144,2026,Qtr1,2,Feb,46081,Y
28/02/2026,0/01/1900 3:56,7GG8F,5WF,B04,Guinness,1,280,280,0,0,280,AomJamies,KBank-Other,Manual Input,,Beer,,27/02/2026,136,136,144,2026,Qtr1,2,Feb,46081,Y
28/02/2026,0/01/1900 21:52,NFVK7,QDR,B04,Guinness,1,280,280,0,0,280,AomJamies,KBank-Other,Manual Input,,Beer,,28/02/2026,136,136,144,2026,Qtr1,2,Feb,46081,Y
28/02/2026,0/01/1900 2:49,6A9IP,5WF,S12,Oh shit itâ€™s 7 AM,1,99,99,0,0,99,10,KBank-Other,Manual Input,,,,27/02/2026,28.11585714,28.11585714,70.88414286,2026,Qtr1,2,Feb,46081,Y
28/02/2026,0/01/1900 2:49,6A9IP,5WF,S12,8.Oh shit itâ€™s 7AM,1,99,99,0,0,99,10,KBank-Other,Manual Input,,Easy cocktails,,27/02/2026,28.11585714,28.11585714,70.88414286,2026,Qtr1,2,Feb,46081,Y
28/02/2026,0/01/1900 2:49,6A9IP,5WF,S12,I hate my job,1,99,99,0,0,99,10,KBank-Other,Manual Input,,,,27/02/2026,28.11585714,28.11585714,70.88414286,2026,Qtr1,2,Feb,46081,Y
28/02/2026,0/01/1900 4:03,25Q6E,5WF,F01,Khao Pad Krapow Pork egg : egg x 2,1,150,150,0,0,150,Staff,staff,Manual Input,,Food,,27/02/2026,37.79164662,37.79164662,112.2083534,2026,Qtr1,2,Feb,46081,N
28/02/2026,0/01/1900 2:49,6A9IP,5WF,W04,Regency S,2,800,1600,0,0,1600,10,KBank-Other,Manual Input,,wine & Bottle,,27/02/2026,375,750,850,2026,Qtr1,2,Feb,46081,Y
28/02/2026,0/01/1900 2:49,6A9IP,5WF,M02,Ice,2,80,160,0,0,160,10,KBank-Other,Manual Input,,Mixer,,27/02/2026,14.4,28.8,131.2,2026,Qtr1,2,Feb,46081,Y
28/02/2026,0/01/1900 21:53,881NU,QDR,S12,5.Dammm,2,99,198,0,0,198,Sabina,Tasting,Manual Input,,Easy cocktails,,28/02/2026,28.11585714,56.23171429,141.7682857,2026,Qtr1,2,Feb,46081,Y
28/02/2026,0/01/1900 2:49,6A9IP,5WF,M04,Soda,11,30,330,0,0,330,10,KBank-Other,Manual Input,,Mixer,,27/02/2026,8.125,89.375,240.625,2026,Qtr1,2,Feb,46081,Y
28/02/2026,0/01/1900 3:57,1F4DP,5WF,H01,House Gin & Mixer Mix : Tonic x 1 Mix : Tonic x 1 Mix : Tonic x 1,3,180,540,0,0,540,9,KBank-Other,Manual Input,,Highball,,27/02/2026,39.1685,117.5055,422.4945,2026,Qtr1,2,Feb,46081,Y
28/02/2026,0/01/1900 4:03,25Q6E,5WF,M05,Purra Water,4,30,120,0,0,120,Staff,staff,Manual Input,,Mixer,,27/02/2026,6.6,26.4,93.6,2026,Qtr1,2,Feb,46081,N
28/02/2026,0/01/1900 21:42,J5U7Y,QDR,B02,Asahi Beer,2,120,240,24,0.1,216,1,QRCode,EDC,mavin,Beer,,28/02/2026,42.41666667,84.83333333,131.1666667,2026,Qtr1,2,Feb,46081,Y
28/02/2026,0/01/1900 21:42,J5U7Y,QDR,M05,Purra Water,1,30,30,3,0.1,27,1,QRCode,EDC,mavin,Mixer,,28/02/2026,6.6,6.6,20.4,2026,Qtr1,2,Feb,46081,Y
28/02/2026,0/01/1900 21:42,J5U7Y,QDR,F09,Fried chicken wings,1,140,140,14,0.1,126,1,QRCode,EDC,mavin,Food,,28/02/2026,70,70,56,2026,Qtr1,2,Feb,46081,Y
28/02/2026,0/01/1900 21:42,J5U7Y,QDR,F07,SOM TUM THAI,1,80,80,8,0.1,72,1,QRCode,EDC,mavin,Food,,28/02/2026,18.19,18.19,53.81,2026,Qtr1,2,Feb,46081,Y
28/02/2026,0/01/1900 21:42,J5U7Y,QDR,H15,Kakubin glass,1,220,220,22,0.1,198,1,QRCode,EDC,mavin,,,28/02/2026,36.6,36.6,161.4,2026,Qtr1,2,Feb,46081,Y
28/02/2026,0/01/1900 21:42,J5U7Y,QDR,H15,Kakubin glass,1,220,220,22,0.1,198,1,QRCode,EDC,mavin,,,28/02/2026,36.6,36.6,161.4,2026,Qtr1,2,Feb,46081,Y
28/02/2026,0/01/1900 3:56,7GG8F,5WF,M02,Ice,1,80,80,32,0.4,48,AomJamies,KBank-Other,Manual Input,à¸ˆà¸´à¸¡,Mixer,,27/02/2026,14.4,14.4,33.6,2026,Qtr1,2,Feb,46081,Y
28/02/2026,0/01/1900 3:56,7GG8F,5WF,M04,Soda,12,30,360,144,0.4,216,AomJamies,KBank-Other,Manual Input,à¸ˆà¸´à¸¡,Mixer,,27/02/2026,8.125,97.5,118.5,2026,Qtr1,2,Feb,46081,Y
28/02/2026,0/01/1900 3:56,7GG8F,5WF,B02,Asahi Beer,2,120,240,96,0.4,144,AomJamies,KBank-Other,Manual Input,à¸ˆà¸´à¸¡,Beer,,27/02/2026,42.41666667,84.83333333,59.16666667,2026,Qtr1,2,Feb,46081,Y
28/02/2026,0/01/1900 3:56,7GG8F,5WF,M05,Purra Water,4,30,120,48,0.4,72,AomJamies,KBank-Other,Manual Input,à¸ˆà¸´à¸¡,Mixer,,27/02/2026,6.6,26.4,45.6,2026,Qtr1,2,Feb,46081,Y
1/03/2026,0/01/1900 3:00,XC2AD,QDR,M05,Purra Water,1,30,30,0,0,30,AomJamies,Bank Transfer,Manual Input,,Mixer,,28/02/2026,6.6,6.6,23.4,2026,Qtr1,3,Mar,46081,Y
1/03/2026,0/01/1900 3:00,XC2AD,QDR,F01,KHAO PAD KRAPOW PORK,1,120,120,0,0,120,AomJamies,Bank Transfer,Manual Input,,Food,,28/02/2026,37.79164662,37.79164662,82.20835338,2026,Qtr1,3,Mar,46081,Y
1/03/2026,0/01/1900 3:00,RX5GD,QDR,F01,Khao Pad Krapow Pork egg : egg x 1,1,135,135,0,0,135,Staff,staff,Manual Input,,Food,,28/02/2026,37.79164662,37.79164662,97.20835338,2026,Qtr1,3,Mar,46081,N
1/03/2026,0/01/1900 3:00,RX5GD,QDR,F02,Khao Pad Krapow Beef egg : egg x 1,1,165,165,0,0,165,Staff,staff,Manual Input,,Food,,28/02/2026,49.91164662,49.91164662,115.0883534,2026,Qtr1,3,Mar,46081,N
1/03/2026,0/01/1900 3:00,RX5GD,QDR,M05,Purra Water,2,30,60,0,0,60,Staff,staff,Manual Input,,Mixer,,28/02/2026,6.6,13.2,46.8,2026,Qtr1,3,Mar,46081,N
